project_dir,found,found_path,search_depth,copied_to_top
/mnt/ASSAS/upload_test/0056f7e8-46a0-40c0-be58-4fe86af6e52c,True,/mnt/ASSAS/upload_test/0056f7e8-46a0-40c0-be58-4fe86af6e52c/upload_info.pickle,0,False
/mnt/ASSAS/upload_test/0099ddf7-549a-47c5-ad5b-aeb924745058,True,/mnt/ASSAS/upload_test/0099ddf7-549a-47c5-ad5b-aeb924745058/upload_info.pickle,0,False
/mnt/ASSAS/upload_test/009fc8c3-e3df-4a7f-a0f2-75f429d15917,True,/mnt/ASSAS/upload_test/009fc8c3-e3df-4a7f-a0f2-75f429d15917/upload_info.pickle,0,False
/mnt/ASSAS/upload_test/0103d709-65c0-41e7-8552-baac860ccb9c,True,/mnt/ASSAS/upload_test/0103d709-65c0-41e7-8552-baac860ccb9c/upload_info.pickle,0,False
/mnt/ASSAS/upload_test/01aea74e-050f-4f6b-9e1b-75af700d1470,True,/mnt/ASSAS/upload_test/01aea74e-050f-4f6b-9e1b-75af700d1470/upload_info.pickle,0,False
/mnt/ASSAS/upload_test/01bc7a81-22f6-46e9-bd07-4894655655be,True,/mnt/ASSAS/upload_test/01bc7a81-22f6-46e9-bd07-4894655655be/upload_info.pickle,0,False
/mnt/ASSAS/upload_test/0211578f-eacd-4faf-b47f-c86c31a2a2e7,True,/mnt/ASSAS/upload_test/0211578f-eacd-4faf-b47f-c86c31a2a2e7/upload_info.pickle,0,False
/mnt/ASSAS/upload_test/02294905-0311-4014-859f-e973d9496680,True,/mnt/ASSAS/upload_test/02294905-0311-4014-859f-e973d9496680/upload_info.pickle,0,False
/mnt/ASSAS/upload_test/025350f0-015c-4146-85ec-8e32aee1439b,True,/mnt/ASSAS/upload_test/025350f0-015c-4146-85ec-8e32aee1439b/upload_info.pickle,0,False
/mnt/ASSAS/upload_test/02b88eea-c71d-4790-8ac7-c2e077372238,True,/mnt/ASSAS/upload_test/02b88eea-c71d-4790-8ac7-c2e077372238/upload_info.pickle,0,False
/mnt/ASSAS/upload_test/02db5e8a-b684-445d-96e9-382148ed2765,True,/mnt/ASSAS/upload_test/02db5e8a-b684-445d-96e9-382148ed2765/upload_info.pickle,0,False
/mnt/ASSAS/upload_test/02e83553-886c-4408-8a53-30b28ce7a057,True,/mnt/ASSAS/upload_test/02e83553-886c-4408-8a53-30b28ce7a057/upload_info.pickle,0,False
/mnt/ASSAS/upload_test/032050f7-3eb1-4724-a14a-ee73d3d984d7,True,/mnt/ASSAS/upload_test/032050f7-3eb1-4724-a14a-ee73d3d984d7/upload_info.pickle,0,False
/mnt/ASSAS/upload_test/032054a0-d3bd-4dc0-8fe2-c306ead26a09,True,/mnt/ASSAS/upload_test/032054a0-d3bd-4dc0-8fe2-c306ead26a09/upload_info.pickle,0,False
/mnt/ASSAS/upload_test/032e6d10-ef3a-4029-b1b4-1602be0825b8,True,/mnt/ASSAS/upload_test/032e6d10-ef3a-4029-b1b4-1602be0825b8/upload_info.pickle,0,False
/mnt/ASSAS/upload_test/03700bbd-2339-4780-8012-c98e9ec41780,True,/mnt/ASSAS/upload_test/03700bbd-2339-4780-8012-c98e9ec41780/upload_info.pickle,0,False
/mnt/ASSAS/upload_test/03c8f74c-6cd2-4fd0-9ab0-8648c5603537,True,/mnt/ASSAS/upload_test/03c8f74c-6cd2-4fd0-9ab0-8648c5603537/upload_info.pickle,0,False
/mnt/ASSAS/upload_test/03cba8f6-6ae5-452b-86f7-3a6b210f3a59,True,/mnt/ASSAS/upload_test/03cba8f6-6ae5-452b-86f7-3a6b210f3a59/upload_info.pickle,0,False
/mnt/ASSAS/upload_test/03f371da-ff93-4831-93a0-b2d5c3f18772,True,/mnt/ASSAS/upload_test/03f371da-ff93-4831-93a0-b2d5c3f18772/upload_info.pickle,0,False
/mnt/ASSAS/upload_test/0406dd52-1fb1-4f2c-b58d-c8a70f82884a,True,/mnt/ASSAS/upload_test/0406dd52-1fb1-4f2c-b58d-c8a70f82884a/upload_info.pickle,0,False
/mnt/ASSAS/upload_test/04753565-fd6c-4400-99cd-5c1dd514871d,True,/mnt/ASSAS/upload_test/04753565-fd6c-4400-99cd-5c1dd514871d/upload_info.pickle,0,False
/mnt/ASSAS/upload_test/0481f6ef-6d13-4442-8f67-b6de4786c4d7,True,/mnt/ASSAS/upload_test/0481f6ef-6d13-4442-8f67-b6de4786c4d7/upload_info.pickle,0,False
/mnt/ASSAS/upload_test/04f63a1d-27ab-4355-afaf-a74fdb38168d,True,/mnt/ASSAS/upload_test/04f63a1d-27ab-4355-afaf-a74fdb38168d/upload_info.pickle,0,False
/mnt/ASSAS/upload_test/050bebdf-f34c-4248-8ea4-9ecba6b4d73b,True,/mnt/ASSAS/upload_test/050bebdf-f34c-4248-8ea4-9ecba6b4d73b/upload_info.pickle,0,False
/mnt/ASSAS/upload_test/0541c61c-1837-4977-9c58-3d91a8299a66,True,/mnt/ASSAS/upload_test/0541c61c-1837-4977-9c58-3d91a8299a66/upload_info.pickle,0,False
/mnt/ASSAS/upload_test/05d17a4c-f24e-44b8-84f6-e47199b70b62,True,/mnt/ASSAS/upload_test/05d17a4c-f24e-44b8-84f6-e47199b70b62/upload_info.pickle,0,False
/mnt/ASSAS/upload_test/05e0a24f-fb7b-4ce4-b910-b987cbad6f16,True,/mnt/ASSAS/upload_test/05e0a24f-fb7b-4ce4-b910-b987cbad6f16/upload_info.pickle,0,False
/mnt/ASSAS/upload_test/05f5097d-39a5-4b35-9c61-a14df0caadb9,True,/mnt/ASSAS/upload_test/05f5097d-39a5-4b35-9c61-a14df0caadb9/upload_info.pickle,0,False
/mnt/ASSAS/upload_test/0610adb5-ae3d-4b25-8566-ef17402b461b,True,/mnt/ASSAS/upload_test/0610adb5-ae3d-4b25-8566-ef17402b461b/upload_info.pickle,0,False
/mnt/ASSAS/upload_test/06408709-7515-45d5-a5df-06c15209f918,True,/mnt/ASSAS/upload_test/06408709-7515-45d5-a5df-06c15209f918/upload_info.pickle,0,False
/mnt/ASSAS/upload_test/064bcc5f-5b0f-485a-ab85-9b4f90e5d5f4,True,/mnt/ASSAS/upload_test/064bcc5f-5b0f-485a-ab85-9b4f90e5d5f4/upload_info.pickle,0,False
/mnt/ASSAS/upload_test/06588471-e050-466a-a497-df72c6c751ba,True,/mnt/ASSAS/upload_test/06588471-e050-466a-a497-df72c6c751ba/upload_info.pickle,0,False
/mnt/ASSAS/upload_test/07105e69-ed30-4b9b-ba47-9fc60a69723f,True,/mnt/ASSAS/upload_test/07105e69-ed30-4b9b-ba47-9fc60a69723f/upload_info.pickle,0,False
/mnt/ASSAS/upload_test/079a631e-1eeb-49ec-ad8b-2e4af6542d9a,True,/mnt/ASSAS/upload_test/079a631e-1eeb-49ec-ad8b-2e4af6542d9a/upload_info.pickle,0,False
/mnt/ASSAS/upload_test/07a2d091-7d75-4ee9-8011-8c0aebd0d4e4,True,/mnt/ASSAS/upload_test/07a2d091-7d75-4ee9-8011-8c0aebd0d4e4/upload_info.pickle,0,False
/mnt/ASSAS/upload_test/07a2e4b4-5bf8-45aa-96f3-8a19e693df6b,True,/mnt/ASSAS/upload_test/07a2e4b4-5bf8-45aa-96f3-8a19e693df6b/upload_info.pickle,0,False
/mnt/ASSAS/upload_test/0850bf04-8f33-424f-b231-0a7aeb28f7e6,True,/mnt/ASSAS/upload_test/0850bf04-8f33-424f-b231-0a7aeb28f7e6/upload_info.pickle,0,False
/mnt/ASSAS/upload_test/08531b2e-1a5e-450b-aea1-38d9b6da646c,True,/mnt/ASSAS/upload_test/08531b2e-1a5e-450b-aea1-38d9b6da646c/upload_info.pickle,0,False
/mnt/ASSAS/upload_test/0890b02b-00d9-4651-9286-8ff5127fe32e,True,/mnt/ASSAS/upload_test/0890b02b-00d9-4651-9286-8ff5127fe32e/upload_info.pickle,0,False
/mnt/ASSAS/upload_test/08b703fd-6624-44b4-9402-92d47d1433b1,True,/mnt/ASSAS/upload_test/08b703fd-6624-44b4-9402-92d47d1433b1/upload_info.pickle,0,False
/mnt/ASSAS/upload_test/08ed4ae8-1da5-4962-9aea-efc2b1efb171,True,/mnt/ASSAS/upload_test/08ed4ae8-1da5-4962-9aea-efc2b1efb171/upload_info.pickle,0,False
/mnt/ASSAS/upload_test/08f8c911-6528-45e8-8a4a-dbaa4a77e1c5,True,/mnt/ASSAS/upload_test/08f8c911-6528-45e8-8a4a-dbaa4a77e1c5/upload_info.pickle,0,False
/mnt/ASSAS/upload_test/0919f854-2269-4f72-908d-516669a2083d,True,/mnt/ASSAS/upload_test/0919f854-2269-4f72-908d-516669a2083d/upload_info.pickle,0,False
/mnt/ASSAS/upload_test/094300b5-1b26-41c6-9e8e-33f01d614d63,True,/mnt/ASSAS/upload_test/094300b5-1b26-41c6-9e8e-33f01d614d63/upload_info.pickle,0,False
/mnt/ASSAS/upload_test/0960c7bd-de59-451f-8e92-d22204973b9e,True,/mnt/ASSAS/upload_test/0960c7bd-de59-451f-8e92-d22204973b9e/upload_info.pickle,0,False
/mnt/ASSAS/upload_test/09c16dbd-debd-48e7-800b-f4b5d7bc6e37,True,/mnt/ASSAS/upload_test/09c16dbd-debd-48e7-800b-f4b5d7bc6e37/upload_info.pickle,0,False
/mnt/ASSAS/upload_test/09e497ad-7bff-45d2-a623-1cab9e65b80e,True,/mnt/ASSAS/upload_test/09e497ad-7bff-45d2-a623-1cab9e65b80e/upload_info.pickle,0,False
/mnt/ASSAS/upload_test/09ff2425-03cc-4f56-aac1-49e70bf789ac,True,/mnt/ASSAS/upload_test/09ff2425-03cc-4f56-aac1-49e70bf789ac/upload_info.pickle,0,False
/mnt/ASSAS/upload_test/0a0e2314-d698-40ba-afff-945f40b2f533,True,/mnt/ASSAS/upload_test/0a0e2314-d698-40ba-afff-945f40b2f533/upload_info.pickle,0,False
/mnt/ASSAS/upload_test/0a3654fb-17d3-4089-8d0c-8d6879a0e53c,True,/mnt/ASSAS/upload_test/0a3654fb-17d3-4089-8d0c-8d6879a0e53c/upload_info.pickle,0,False
/mnt/ASSAS/upload_test/0a3d9322-ec34-4119-b486-f6d016e520fa,True,/mnt/ASSAS/upload_test/0a3d9322-ec34-4119-b486-f6d016e520fa/upload_info.pickle,0,False
/mnt/ASSAS/upload_test/0a4f132f-209a-48dc-9ccd-11284ade4817,True,/mnt/ASSAS/upload_test/0a4f132f-209a-48dc-9ccd-11284ade4817/upload_info.pickle,0,False
/mnt/ASSAS/upload_test/0ab02774-00fd-4d75-8edd-292d21790f4c,True,/mnt/ASSAS/upload_test/0ab02774-00fd-4d75-8edd-292d21790f4c/upload_info.pickle,0,False
/mnt/ASSAS/upload_test/0b00213a-b138-4eba-8887-b9286e8a4a23,True,/mnt/ASSAS/upload_test/0b00213a-b138-4eba-8887-b9286e8a4a23/upload_info.pickle,0,False
/mnt/ASSAS/upload_test/0b137d0c-d09d-48d3-81c3-d16d882b5c54,True,/mnt/ASSAS/upload_test/0b137d0c-d09d-48d3-81c3-d16d882b5c54/upload_info.pickle,0,False
/mnt/ASSAS/upload_test/0b396d42-0439-46cd-8576-3bbe64a8797d,True,/mnt/ASSAS/upload_test/0b396d42-0439-46cd-8576-3bbe64a8797d/upload_info.pickle,0,False
/mnt/ASSAS/upload_test/0b9c3bba-b2bf-4078-8cae-44d8aee39bca,True,/mnt/ASSAS/upload_test/0b9c3bba-b2bf-4078-8cae-44d8aee39bca/upload_info.pickle,0,False
/mnt/ASSAS/upload_test/0bd19f9e-f32a-43d9-9843-f6cc28a0e36b,True,/mnt/ASSAS/upload_test/0bd19f9e-f32a-43d9-9843-f6cc28a0e36b/upload_info.pickle,0,False
/mnt/ASSAS/upload_test/0bea3c9a-416c-4fd8-afe4-75b725555cf4,True,/mnt/ASSAS/upload_test/0bea3c9a-416c-4fd8-afe4-75b725555cf4/upload_info.pickle,0,False
/mnt/ASSAS/upload_test/0c38b5f8-441f-4636-aae2-289e5dccfff3,True,/mnt/ASSAS/upload_test/0c38b5f8-441f-4636-aae2-289e5dccfff3/upload_info.pickle,0,False
/mnt/ASSAS/upload_test/0c9ddd08-24eb-4514-94ac-a45d4be3ae54,True,/mnt/ASSAS/upload_test/0c9ddd08-24eb-4514-94ac-a45d4be3ae54/upload_info.pickle,0,False
/mnt/ASSAS/upload_test/0cca0212-4fc6-4819-91e2-d79701c63924,True,/mnt/ASSAS/upload_test/0cca0212-4fc6-4819-91e2-d79701c63924/upload_info.pickle,0,False
/mnt/ASSAS/upload_test/0ce820ee-5e3e-48a5-8040-3d41f68cd2e6,True,/mnt/ASSAS/upload_test/0ce820ee-5e3e-48a5-8040-3d41f68cd2e6/upload_info.pickle,0,False
/mnt/ASSAS/upload_test/0d34e31d-3976-4551-8702-ce0e4efbbe55,True,/mnt/ASSAS/upload_test/0d34e31d-3976-4551-8702-ce0e4efbbe55/upload_info.pickle,0,False
/mnt/ASSAS/upload_test/0d54f061-0b27-40a7-bfed-849e1edc971a,True,/mnt/ASSAS/upload_test/0d54f061-0b27-40a7-bfed-849e1edc971a/upload_info.pickle,0,False
/mnt/ASSAS/upload_test/0da17c3a-00f5-4992-93e5-46bfc644a6e8,True,/mnt/ASSAS/upload_test/0da17c3a-00f5-4992-93e5-46bfc644a6e8/upload_info.pickle,0,False
/mnt/ASSAS/upload_test/0da84037-2120-45d7-aa6b-75b8fab9fd60,True,/mnt/ASSAS/upload_test/0da84037-2120-45d7-aa6b-75b8fab9fd60/upload_info.pickle,0,False
/mnt/ASSAS/upload_test/0dce156b-e064-4ed3-a1fc-df2f35685ca9,True,/mnt/ASSAS/upload_test/0dce156b-e064-4ed3-a1fc-df2f35685ca9/upload_info.pickle,0,False
/mnt/ASSAS/upload_test/0ded48cf-4296-4c75-abeb-ca1ea6711bc5,True,/mnt/ASSAS/upload_test/0ded48cf-4296-4c75-abeb-ca1ea6711bc5/upload_info.pickle,0,False
/mnt/ASSAS/upload_test/0e0365ac-5a17-45ee-b0b3-9e85280fe74b,True,/mnt/ASSAS/upload_test/0e0365ac-5a17-45ee-b0b3-9e85280fe74b/upload_info.pickle,0,False
/mnt/ASSAS/upload_test/0e0d8642-6f46-4f7a-8925-4a55aa2649f1,True,/mnt/ASSAS/upload_test/0e0d8642-6f46-4f7a-8925-4a55aa2649f1/upload_info.pickle,0,False
/mnt/ASSAS/upload_test/0e141d93-6dd7-41c5-92d1-04d480ab1550,True,/mnt/ASSAS/upload_test/0e141d93-6dd7-41c5-92d1-04d480ab1550/upload_info.pickle,0,False
/mnt/ASSAS/upload_test/0e2b8bac-6eca-4f9c-b932-451bb46edca8,True,/mnt/ASSAS/upload_test/0e2b8bac-6eca-4f9c-b932-451bb46edca8/upload_info.pickle,0,False
/mnt/ASSAS/upload_test/0e4cd92d-78ae-4bde-9638-778f0a99628c,True,/mnt/ASSAS/upload_test/0e4cd92d-78ae-4bde-9638-778f0a99628c/upload_info.pickle,0,False
/mnt/ASSAS/upload_test/0e4db87f-67fc-4f7e-bd64-fb43a1e8a7ec,True,/mnt/ASSAS/upload_test/0e4db87f-67fc-4f7e-bd64-fb43a1e8a7ec/upload_info.pickle,0,False
/mnt/ASSAS/upload_test/0e907fcb-ae27-4cc4-b353-a69b5640a109,True,/mnt/ASSAS/upload_test/0e907fcb-ae27-4cc4-b353-a69b5640a109/upload_info.pickle,0,False
/mnt/ASSAS/upload_test/0ed89335-4771-41a2-8d57-b722af2e39bc,True,/mnt/ASSAS/upload_test/0ed89335-4771-41a2-8d57-b722af2e39bc/upload_info.pickle,0,False
/mnt/ASSAS/upload_test/0f32d043-b4e6-4804-8fb2-0c41b99bc0b8,True,/mnt/ASSAS/upload_test/0f32d043-b4e6-4804-8fb2-0c41b99bc0b8/upload_info.pickle,0,False
/mnt/ASSAS/upload_test/0f7615f5-fec7-4487-8910-6c34294142ae,True,/mnt/ASSAS/upload_test/0f7615f5-fec7-4487-8910-6c34294142ae/upload_info.pickle,0,False
/mnt/ASSAS/upload_test/0f9a6c4f-3020-4b45-9839-3ad02024087e,True,/mnt/ASSAS/upload_test/0f9a6c4f-3020-4b45-9839-3ad02024087e/upload_info.pickle,0,False
/mnt/ASSAS/upload_test/101e1a45-406a-4e3b-8f8c-047ed2c2df96,True,/mnt/ASSAS/upload_test/101e1a45-406a-4e3b-8f8c-047ed2c2df96/upload_info.pickle,0,False
/mnt/ASSAS/upload_test/1022b948-630d-4323-b750-b5fb94127e93,True,/mnt/ASSAS/upload_test/1022b948-630d-4323-b750-b5fb94127e93/upload_info.pickle,0,False
/mnt/ASSAS/upload_test/102765eb-049d-4716-8c05-d6a29fe4d3d5,True,/mnt/ASSAS/upload_test/102765eb-049d-4716-8c05-d6a29fe4d3d5/upload_info.pickle,0,False
/mnt/ASSAS/upload_test/104182d7-4636-43b6-926b-dc6fc4024a5d,True,/mnt/ASSAS/upload_test/104182d7-4636-43b6-926b-dc6fc4024a5d/upload_info.pickle,0,False
/mnt/ASSAS/upload_test/1074743e-8d64-4fea-a458-d6437386bcd0,True,/mnt/ASSAS/upload_test/1074743e-8d64-4fea-a458-d6437386bcd0/upload_info.pickle,0,False
/mnt/ASSAS/upload_test/109c7bfd-c156-44eb-b0d2-f9a9265cb1fb,True,/mnt/ASSAS/upload_test/109c7bfd-c156-44eb-b0d2-f9a9265cb1fb/upload_info.pickle,0,False
/mnt/ASSAS/upload_test/10a8c067-3a7c-49d8-9c64-568ab3599a68,True,/mnt/ASSAS/upload_test/10a8c067-3a7c-49d8-9c64-568ab3599a68/upload_info.pickle,0,False
/mnt/ASSAS/upload_test/10a96b76-f0d8-440b-b3e1-9eb1d0da6540,True,/mnt/ASSAS/upload_test/10a96b76-f0d8-440b-b3e1-9eb1d0da6540/upload_info.pickle,0,False
/mnt/ASSAS/upload_test/10b6c64b-d5a4-4aac-a93e-93baeae045d0,True,/mnt/ASSAS/upload_test/10b6c64b-d5a4-4aac-a93e-93baeae045d0/upload_info.pickle,0,False
/mnt/ASSAS/upload_test/10c72e23-e7dc-4cab-a2e6-8d4dc86f0a78,True,/mnt/ASSAS/upload_test/10c72e23-e7dc-4cab-a2e6-8d4dc86f0a78/upload_info.pickle,0,False
/mnt/ASSAS/upload_test/10e8b9cd-2caf-461b-a7c3-ba3639666f4c,True,/mnt/ASSAS/upload_test/10e8b9cd-2caf-461b-a7c3-ba3639666f4c/upload_info.pickle,0,False
/mnt/ASSAS/upload_test/10ebfd78-3dfb-4499-99b9-c6f94a851d9d,True,/mnt/ASSAS/upload_test/10ebfd78-3dfb-4499-99b9-c6f94a851d9d/upload_info.pickle,0,False
/mnt/ASSAS/upload_test/110b0643-ad5f-4f44-988a-06ce531fcd65,True,/mnt/ASSAS/upload_test/110b0643-ad5f-4f44-988a-06ce531fcd65/upload_info.pickle,0,False
/mnt/ASSAS/upload_test/112dcd53-c4d5-4761-8595-db59eb6bc873,True,/mnt/ASSAS/upload_test/112dcd53-c4d5-4761-8595-db59eb6bc873/upload_info.pickle,0,False
/mnt/ASSAS/upload_test/1137e07e-1a79-4d3c-baa8-518b2a46f6be,True,/mnt/ASSAS/upload_test/1137e07e-1a79-4d3c-baa8-518b2a46f6be/upload_info.pickle,0,False
/mnt/ASSAS/upload_test/113e7078-2699-41c2-8484-474256b59727,True,/mnt/ASSAS/upload_test/113e7078-2699-41c2-8484-474256b59727/upload_info.pickle,0,False
/mnt/ASSAS/upload_test/113e8fa9-77fe-4b09-b40d-e02a15a27607,True,/mnt/ASSAS/upload_test/113e8fa9-77fe-4b09-b40d-e02a15a27607/upload_info.pickle,0,False
/mnt/ASSAS/upload_test/115af7af-9169-4705-ae7e-944c63620f5d,True,/mnt/ASSAS/upload_test/115af7af-9169-4705-ae7e-944c63620f5d/upload_info.pickle,0,False
/mnt/ASSAS/upload_test/11688f5e-829a-4dd6-bfb5-2df688f437d1,True,/mnt/ASSAS/upload_test/11688f5e-829a-4dd6-bfb5-2df688f437d1/upload_info.pickle,0,False
/mnt/ASSAS/upload_test/11b844b8-04d9-4842-ba06-f8aa453b261f,True,/mnt/ASSAS/upload_test/11b844b8-04d9-4842-ba06-f8aa453b261f/upload_info.pickle,0,False
/mnt/ASSAS/upload_test/11ba8d52-6c9c-44fd-b951-a29088ed4b82,True,/mnt/ASSAS/upload_test/11ba8d52-6c9c-44fd-b951-a29088ed4b82/upload_info.pickle,0,False
/mnt/ASSAS/upload_test/11c07917-7858-4d03-914b-cc839f9e4cc1,True,/mnt/ASSAS/upload_test/11c07917-7858-4d03-914b-cc839f9e4cc1/upload_info.pickle,0,False
/mnt/ASSAS/upload_test/11ed63db-04d2-4f92-9639-24de09cb9a8b,True,/mnt/ASSAS/upload_test/11ed63db-04d2-4f92-9639-24de09cb9a8b/upload_info.pickle,0,False
/mnt/ASSAS/upload_test/1206d5e6-653b-420a-b352-7eebd4c2689c,True,/mnt/ASSAS/upload_test/1206d5e6-653b-420a-b352-7eebd4c2689c/upload_info.pickle,0,False
/mnt/ASSAS/upload_test/12233e6a-c233-4da7-b37a-8104331cf6a9,True,/mnt/ASSAS/upload_test/12233e6a-c233-4da7-b37a-8104331cf6a9/upload_info.pickle,0,False
/mnt/ASSAS/upload_test/124fc1bd-4f79-4db5-8a74-b6d3e53e303a,True,/mnt/ASSAS/upload_test/124fc1bd-4f79-4db5-8a74-b6d3e53e303a/upload_info.pickle,0,False
/mnt/ASSAS/upload_test/12584866-cff0-4d85-88de-388bc43e6f16,True,/mnt/ASSAS/upload_test/12584866-cff0-4d85-88de-388bc43e6f16/upload_info.pickle,0,False
/mnt/ASSAS/upload_test/126ae527-907f-40ee-a234-aa2e469ecfab,True,/mnt/ASSAS/upload_test/126ae527-907f-40ee-a234-aa2e469ecfab/upload_info.pickle,0,False
/mnt/ASSAS/upload_test/1280054f-a2e7-4917-a24f-dc562ba661b1,True,/mnt/ASSAS/upload_test/1280054f-a2e7-4917-a24f-dc562ba661b1/upload_info.pickle,0,False
/mnt/ASSAS/upload_test/12f9871a-2c4e-4d01-bdfb-6251e68b3bc5,True,/mnt/ASSAS/upload_test/12f9871a-2c4e-4d01-bdfb-6251e68b3bc5/upload_info.pickle,0,False
/mnt/ASSAS/upload_test/135b469d-7a0d-452f-98fe-324ae965cb33,True,/mnt/ASSAS/upload_test/135b469d-7a0d-452f-98fe-324ae965cb33/upload_info.pickle,0,False
/mnt/ASSAS/upload_test/13993dfa-933d-4f69-b325-abcf7eb0d274,True,/mnt/ASSAS/upload_test/13993dfa-933d-4f69-b325-abcf7eb0d274/upload_info.pickle,0,False
/mnt/ASSAS/upload_test/13a95f82-11b3-4575-bc04-48e824b633e1,True,/mnt/ASSAS/upload_test/13a95f82-11b3-4575-bc04-48e824b633e1/upload_info.pickle,0,False
/mnt/ASSAS/upload_test/13c2952b-1c1f-4839-a7f1-a6943303789d,True,/mnt/ASSAS/upload_test/13c2952b-1c1f-4839-a7f1-a6943303789d/upload_info.pickle,0,False
/mnt/ASSAS/upload_test/142d508e-7963-4dc3-8401-42565fb8a6ae,True,/mnt/ASSAS/upload_test/142d508e-7963-4dc3-8401-42565fb8a6ae/upload_info.pickle,0,False
/mnt/ASSAS/upload_test/143b31d2-0391-4c8a-8397-e4dfb749534e,True,/mnt/ASSAS/upload_test/143b31d2-0391-4c8a-8397-e4dfb749534e/upload_info.pickle,0,False
/mnt/ASSAS/upload_test/14552ccc-6762-4b6c-a443-d99dafdeadef,True,/mnt/ASSAS/upload_test/14552ccc-6762-4b6c-a443-d99dafdeadef/upload_info.pickle,0,False
/mnt/ASSAS/upload_test/145f6100-fb49-4d35-97e6-2357e0b6994c,True,/mnt/ASSAS/upload_test/145f6100-fb49-4d35-97e6-2357e0b6994c/upload_info.pickle,0,False
/mnt/ASSAS/upload_test/146f272b-30d2-4a13-aad6-c276ffe63505,True,/mnt/ASSAS/upload_test/146f272b-30d2-4a13-aad6-c276ffe63505/upload_info.pickle,0,False
/mnt/ASSAS/upload_test/14a5c783-e16f-47a9-8388-5a69c8545b7c,True,/mnt/ASSAS/upload_test/14a5c783-e16f-47a9-8388-5a69c8545b7c/upload_info.pickle,0,False
/mnt/ASSAS/upload_test/15357781-8be6-4c94-b055-8ea9ac037453,True,/mnt/ASSAS/upload_test/15357781-8be6-4c94-b055-8ea9ac037453/upload_info.pickle,0,False
/mnt/ASSAS/upload_test/153b4750-5cbf-4c42-a57e-6f00fc42fb05,True,/mnt/ASSAS/upload_test/153b4750-5cbf-4c42-a57e-6f00fc42fb05/upload_info.pickle,0,False
/mnt/ASSAS/upload_test/15512a92-90aa-4f35-b4aa-502a158b96a5,True,/mnt/ASSAS/upload_test/15512a92-90aa-4f35-b4aa-502a158b96a5/upload_info.pickle,0,False
/mnt/ASSAS/upload_test/156270c9-7dbb-4551-beef-14a84559b7b3,True,/mnt/ASSAS/upload_test/156270c9-7dbb-4551-beef-14a84559b7b3/upload_info.pickle,0,False
/mnt/ASSAS/upload_test/1595f23a-1545-4202-8979-edd4375c2b88,True,/mnt/ASSAS/upload_test/1595f23a-1545-4202-8979-edd4375c2b88/upload_info.pickle,0,False
/mnt/ASSAS/upload_test/15c50d67-ca50-4bfc-9e19-abc58c9ce9e3,True,/mnt/ASSAS/upload_test/15c50d67-ca50-4bfc-9e19-abc58c9ce9e3/upload_info.pickle,0,False
/mnt/ASSAS/upload_test/15e72e1d-44c9-484b-ba3f-02a318a5adfe,True,/mnt/ASSAS/upload_test/15e72e1d-44c9-484b-ba3f-02a318a5adfe/upload_info.pickle,0,False
/mnt/ASSAS/upload_test/15f62120-bd76-47ab-8b99-f21ab793e95a,True,/mnt/ASSAS/upload_test/15f62120-bd76-47ab-8b99-f21ab793e95a/upload_info.pickle,0,False
/mnt/ASSAS/upload_test/16648744-0400-4500-940f-35d7bef01e33,True,/mnt/ASSAS/upload_test/16648744-0400-4500-940f-35d7bef01e33/upload_info.pickle,0,False
/mnt/ASSAS/upload_test/16711778-36b3-469e-9471-d089374f1a6b,True,/mnt/ASSAS/upload_test/16711778-36b3-469e-9471-d089374f1a6b/upload_info.pickle,0,False
/mnt/ASSAS/upload_test/16b800c8-9900-4502-84ca-94ef1f1cfd80,True,/mnt/ASSAS/upload_test/16b800c8-9900-4502-84ca-94ef1f1cfd80/upload_info.pickle,0,False
/mnt/ASSAS/upload_test/1716d492-eedf-4a08-bd41-270a0705ad24,True,/mnt/ASSAS/upload_test/1716d492-eedf-4a08-bd41-270a0705ad24/upload_info.pickle,0,False
/mnt/ASSAS/upload_test/174e00c9-fd60-43e2-a0a1-ea7ef3b2236d,True,/mnt/ASSAS/upload_test/174e00c9-fd60-43e2-a0a1-ea7ef3b2236d/upload_info.pickle,0,False
/mnt/ASSAS/upload_test/1761e4b0-722e-453d-ab6b-dd90ff9614dc,True,/mnt/ASSAS/upload_test/1761e4b0-722e-453d-ab6b-dd90ff9614dc/upload_info.pickle,0,False
/mnt/ASSAS/upload_test/178c3840-3f61-457e-9b26-4c602a9c8610,True,/mnt/ASSAS/upload_test/178c3840-3f61-457e-9b26-4c602a9c8610/upload_info.pickle,0,False
/mnt/ASSAS/upload_test/17a3e3c8-3c9a-4248-a192-7968e99722f4,True,/mnt/ASSAS/upload_test/17a3e3c8-3c9a-4248-a192-7968e99722f4/upload_info.pickle,0,False
/mnt/ASSAS/upload_test/17c45a5d-ebe4-4237-9b7b-13f7fe9a2888,True,/mnt/ASSAS/upload_test/17c45a5d-ebe4-4237-9b7b-13f7fe9a2888/upload_info.pickle,0,False
/mnt/ASSAS/upload_test/17e26d90-d7a2-4adc-8239-45247a79c4e8,True,/mnt/ASSAS/upload_test/17e26d90-d7a2-4adc-8239-45247a79c4e8/upload_info.pickle,0,False
/mnt/ASSAS/upload_test/182974e0-7ba3-4589-8c68-1687b7e020d7,True,/mnt/ASSAS/upload_test/182974e0-7ba3-4589-8c68-1687b7e020d7/upload_info.pickle,0,False
/mnt/ASSAS/upload_test/182dcdc1-593e-41f6-957c-1ea45effec2c,True,/mnt/ASSAS/upload_test/182dcdc1-593e-41f6-957c-1ea45effec2c/upload_info.pickle,0,False
/mnt/ASSAS/upload_test/18306f06-81aa-4bbc-b91e-266265fdd20b,True,/mnt/ASSAS/upload_test/18306f06-81aa-4bbc-b91e-266265fdd20b/upload_info.pickle,0,False
/mnt/ASSAS/upload_test/185c2641-42c7-4b5f-88bc-82d2304b2dd9,True,/mnt/ASSAS/upload_test/185c2641-42c7-4b5f-88bc-82d2304b2dd9/upload_info.pickle,0,False
/mnt/ASSAS/upload_test/18786208-c1cc-49b6-8354-396a5a232630,True,/mnt/ASSAS/upload_test/18786208-c1cc-49b6-8354-396a5a232630/upload_info.pickle,0,False
/mnt/ASSAS/upload_test/18a64f08-c9d7-4fb8-8bae-fda155600e05,True,/mnt/ASSAS/upload_test/18a64f08-c9d7-4fb8-8bae-fda155600e05/upload_info.pickle,0,False
/mnt/ASSAS/upload_test/18acf7b3-2959-4ea5-bf11-2fd2d96b1655,True,/mnt/ASSAS/upload_test/18acf7b3-2959-4ea5-bf11-2fd2d96b1655/upload_info.pickle,0,False
/mnt/ASSAS/upload_test/18cb0b4d-c109-4ec6-94ea-7117c9998ba5,True,/mnt/ASSAS/upload_test/18cb0b4d-c109-4ec6-94ea-7117c9998ba5/upload_info.pickle,0,False
/mnt/ASSAS/upload_test/18dc3d9b-0642-48d0-a00d-d63b8e8b06a4,True,/mnt/ASSAS/upload_test/18dc3d9b-0642-48d0-a00d-d63b8e8b06a4/upload_info.pickle,0,False
/mnt/ASSAS/upload_test/18e2eb07-b6d9-41e5-940b-e788e17a8699,True,/mnt/ASSAS/upload_test/18e2eb07-b6d9-41e5-940b-e788e17a8699/upload_info.pickle,0,False
/mnt/ASSAS/upload_test/18f82fd5-dad0-4b24-9664-622018acb9c5,True,/mnt/ASSAS/upload_test/18f82fd5-dad0-4b24-9664-622018acb9c5/upload_info.pickle,0,False
/mnt/ASSAS/upload_test/19175173-d1c2-4649-82b9-160a79f3d23c,True,/mnt/ASSAS/upload_test/19175173-d1c2-4649-82b9-160a79f3d23c/upload_info.pickle,0,False
/mnt/ASSAS/upload_test/193e06b6-02b3-4418-acb3-c57c2587a55b,True,/mnt/ASSAS/upload_test/193e06b6-02b3-4418-acb3-c57c2587a55b/upload_info.pickle,0,False
/mnt/ASSAS/upload_test/1946ec10-f2ce-4277-bb25-102d080436ac,True,/mnt/ASSAS/upload_test/1946ec10-f2ce-4277-bb25-102d080436ac/upload_info.pickle,0,False
/mnt/ASSAS/upload_test/19a32cac-687b-48ff-85b0-7d52a69c1713,True,/mnt/ASSAS/upload_test/19a32cac-687b-48ff-85b0-7d52a69c1713/upload_info.pickle,0,False
/mnt/ASSAS/upload_test/1a1774bd-876f-4843-9d08-e6783702dafc,True,/mnt/ASSAS/upload_test/1a1774bd-876f-4843-9d08-e6783702dafc/upload_info.pickle,0,False
/mnt/ASSAS/upload_test/1a3a1051-5903-4964-8e4a-843382a9d649,True,/mnt/ASSAS/upload_test/1a3a1051-5903-4964-8e4a-843382a9d649/upload_info.pickle,0,False
/mnt/ASSAS/upload_test/1a3ecb39-9f20-47c9-bf22-df09153c22c5,True,/mnt/ASSAS/upload_test/1a3ecb39-9f20-47c9-bf22-df09153c22c5/upload_info.pickle,0,False
/mnt/ASSAS/upload_test/1a7e15f1-ebba-4f39-ac77-3bf6b7aafe57,True,/mnt/ASSAS/upload_test/1a7e15f1-ebba-4f39-ac77-3bf6b7aafe57/upload_info.pickle,0,False
/mnt/ASSAS/upload_test/1ab767ff-a5ac-465a-8e33-ffd581441320,True,/mnt/ASSAS/upload_test/1ab767ff-a5ac-465a-8e33-ffd581441320/upload_info.pickle,0,False
/mnt/ASSAS/upload_test/1b10d77f-77b2-41cf-9495-91ab9fb42193,True,/mnt/ASSAS/upload_test/1b10d77f-77b2-41cf-9495-91ab9fb42193/upload_info.pickle,0,False
/mnt/ASSAS/upload_test/1b1b64a7-9af7-49fc-aa9b-7107776110d9,True,/mnt/ASSAS/upload_test/1b1b64a7-9af7-49fc-aa9b-7107776110d9/upload_info.pickle,0,False
/mnt/ASSAS/upload_test/1b2a7327-be54-46e3-9e2e-6a0e829f2738,True,/mnt/ASSAS/upload_test/1b2a7327-be54-46e3-9e2e-6a0e829f2738/upload_info.pickle,0,False
/mnt/ASSAS/upload_test/1bca6738-0929-477e-bb77-ee4191e70459,True,/mnt/ASSAS/upload_test/1bca6738-0929-477e-bb77-ee4191e70459/upload_info.pickle,0,False
/mnt/ASSAS/upload_test/1be1e30f-2a97-4117-9a2e-ee71b6b5e03f,True,/mnt/ASSAS/upload_test/1be1e30f-2a97-4117-9a2e-ee71b6b5e03f/upload_info.pickle,0,False
/mnt/ASSAS/upload_test/1be58310-493c-425d-b4f4-c092039835d2,True,/mnt/ASSAS/upload_test/1be58310-493c-425d-b4f4-c092039835d2/upload_info.pickle,0,False
/mnt/ASSAS/upload_test/1c10989d-c57a-4400-95ec-92f9e2f68f42,True,/mnt/ASSAS/upload_test/1c10989d-c57a-4400-95ec-92f9e2f68f42/upload_info.pickle,0,False
/mnt/ASSAS/upload_test/1c4ac5ed-60b3-4dff-9368-4bdb4cd214f6,True,/mnt/ASSAS/upload_test/1c4ac5ed-60b3-4dff-9368-4bdb4cd214f6/upload_info.pickle,0,False
/mnt/ASSAS/upload_test/1c6e3310-22fd-4dc8-a6ff-27d3cc7ec423,True,/mnt/ASSAS/upload_test/1c6e3310-22fd-4dc8-a6ff-27d3cc7ec423/upload_info.pickle,0,False
/mnt/ASSAS/upload_test/1c8634f3-c13f-435b-bc57-b2d85b54a61e,True,/mnt/ASSAS/upload_test/1c8634f3-c13f-435b-bc57-b2d85b54a61e/upload_info.pickle,0,False
/mnt/ASSAS/upload_test/1ca1fbf4-6504-47e9-9386-739972be1ba6,True,/mnt/ASSAS/upload_test/1ca1fbf4-6504-47e9-9386-739972be1ba6/upload_info.pickle,0,False
/mnt/ASSAS/upload_test/1ca7f48b-c457-4adb-9079-d4c136954c0d,True,/mnt/ASSAS/upload_test/1ca7f48b-c457-4adb-9079-d4c136954c0d/upload_info.pickle,0,False
/mnt/ASSAS/upload_test/1cc65f09-664e-41f7-bb5e-4195f80779dc,True,/mnt/ASSAS/upload_test/1cc65f09-664e-41f7-bb5e-4195f80779dc/upload_info.pickle,0,False
/mnt/ASSAS/upload_test/1cc792ab-cf82-4b74-ae0d-1a2639a555e4,True,/mnt/ASSAS/upload_test/1cc792ab-cf82-4b74-ae0d-1a2639a555e4/upload_info.pickle,0,False
/mnt/ASSAS/upload_test/1ccd10be-fabc-465c-86f6-0c1a8f6e88dc,True,/mnt/ASSAS/upload_test/1ccd10be-fabc-465c-86f6-0c1a8f6e88dc/upload_info.pickle,0,False
/mnt/ASSAS/upload_test/1cdc63dc-8573-4b0e-b4e4-9d659d1ce9c2,True,/mnt/ASSAS/upload_test/1cdc63dc-8573-4b0e-b4e4-9d659d1ce9c2/upload_info.pickle,0,False
/mnt/ASSAS/upload_test/1d09c0a5-7254-4b26-bd2e-7fd63b0d068e,True,/mnt/ASSAS/upload_test/1d09c0a5-7254-4b26-bd2e-7fd63b0d068e/upload_info.pickle,0,False
/mnt/ASSAS/upload_test/1d6bcfc1-bd68-4667-9366-f1b0c641198b,True,/mnt/ASSAS/upload_test/1d6bcfc1-bd68-4667-9366-f1b0c641198b/upload_info.pickle,0,False
/mnt/ASSAS/upload_test/1d6d7079-23c4-4788-aa13-1f0cf6aa8a35,True,/mnt/ASSAS/upload_test/1d6d7079-23c4-4788-aa13-1f0cf6aa8a35/upload_info.pickle,0,False
/mnt/ASSAS/upload_test/1d8afcd6-8924-410c-851f-a78d924fb00d,True,/mnt/ASSAS/upload_test/1d8afcd6-8924-410c-851f-a78d924fb00d/upload_info.pickle,0,False
/mnt/ASSAS/upload_test/1dfed952-9a06-40a8-aa70-21dad0898c52,True,/mnt/ASSAS/upload_test/1dfed952-9a06-40a8-aa70-21dad0898c52/upload_info.pickle,0,False
/mnt/ASSAS/upload_test/1e099391-fef8-4c9b-97dd-42d8e089115b,True,/mnt/ASSAS/upload_test/1e099391-fef8-4c9b-97dd-42d8e089115b/upload_info.pickle,0,False
/mnt/ASSAS/upload_test/1e1cdfff-009b-4847-bf1a-2a23740f8faa,True,/mnt/ASSAS/upload_test/1e1cdfff-009b-4847-bf1a-2a23740f8faa/upload_info.pickle,0,False
/mnt/ASSAS/upload_test/1e34ed22-2d31-4087-b1b3-cf9fc19d6127,True,/mnt/ASSAS/upload_test/1e34ed22-2d31-4087-b1b3-cf9fc19d6127/upload_info.pickle,0,False
/mnt/ASSAS/upload_test/1e6fa554-5a16-44b3-8d90-665f6ba67469,True,/mnt/ASSAS/upload_test/1e6fa554-5a16-44b3-8d90-665f6ba67469/upload_info.pickle,0,False
/mnt/ASSAS/upload_test/1ec1859f-0a15-42e5-9ebe-847e2e9f3f33,True,/mnt/ASSAS/upload_test/1ec1859f-0a15-42e5-9ebe-847e2e9f3f33/upload_info.pickle,0,False
/mnt/ASSAS/upload_test/1ee1cb63-b095-42cf-87a2-222a58320a9f,True,/mnt/ASSAS/upload_test/1ee1cb63-b095-42cf-87a2-222a58320a9f/upload_info.pickle,0,False
/mnt/ASSAS/upload_test/1f012027-4aee-4f22-b6a6-0f13254d47c4,True,/mnt/ASSAS/upload_test/1f012027-4aee-4f22-b6a6-0f13254d47c4/upload_info.pickle,0,False
/mnt/ASSAS/upload_test/1fc60681-4fdd-4ba3-bbeb-fc65fa6fd962,True,/mnt/ASSAS/upload_test/1fc60681-4fdd-4ba3-bbeb-fc65fa6fd962/upload_info.pickle,0,False
/mnt/ASSAS/upload_test/206e9980-8c7b-4faf-ba18-37cae78e4a30,True,/mnt/ASSAS/upload_test/206e9980-8c7b-4faf-ba18-37cae78e4a30/upload_info.pickle,0,False
/mnt/ASSAS/upload_test/20777e0f-49cb-460c-9f03-8e1fed098f69,True,/mnt/ASSAS/upload_test/20777e0f-49cb-460c-9f03-8e1fed098f69/upload_info.pickle,0,False
/mnt/ASSAS/upload_test/20831243-3316-40a7-97d2-bc32a7724397,True,/mnt/ASSAS/upload_test/20831243-3316-40a7-97d2-bc32a7724397/upload_info.pickle,0,False
/mnt/ASSAS/upload_test/2083673b-79d8-4c98-9d0c-5d833add996f,True,/mnt/ASSAS/upload_test/2083673b-79d8-4c98-9d0c-5d833add996f/upload_info.pickle,0,False
/mnt/ASSAS/upload_test/208919d9-12f0-427f-a94c-f1ee064b31a3,True,/mnt/ASSAS/upload_test/208919d9-12f0-427f-a94c-f1ee064b31a3/upload_info.pickle,0,False
/mnt/ASSAS/upload_test/209b1c1e-ed2f-4efe-80f2-518f81ad9d44,True,/mnt/ASSAS/upload_test/209b1c1e-ed2f-4efe-80f2-518f81ad9d44/upload_info.pickle,0,False
/mnt/ASSAS/upload_test/20cca6ea-b1e1-422d-87fc-9c652bc04e45,True,/mnt/ASSAS/upload_test/20cca6ea-b1e1-422d-87fc-9c652bc04e45/upload_info.pickle,0,False
/mnt/ASSAS/upload_test/20ce9693-f24b-4087-bcb8-53ac7418942f,True,/mnt/ASSAS/upload_test/20ce9693-f24b-4087-bcb8-53ac7418942f/upload_info.pickle,0,False
/mnt/ASSAS/upload_test/20d6da52-c492-4341-862c-2d818a2bbd72,True,/mnt/ASSAS/upload_test/20d6da52-c492-4341-862c-2d818a2bbd72/upload_info.pickle,0,False
/mnt/ASSAS/upload_test/20f3cb97-e951-4701-bd21-81b371a8880e,True,/mnt/ASSAS/upload_test/20f3cb97-e951-4701-bd21-81b371a8880e/upload_info.pickle,0,False
/mnt/ASSAS/upload_test/2102396d-ed5c-4373-8ed1-2b4b7cb3c892,True,/mnt/ASSAS/upload_test/2102396d-ed5c-4373-8ed1-2b4b7cb3c892/upload_info.pickle,0,False
/mnt/ASSAS/upload_test/215e53e2-71f8-46eb-b784-06c4df6ff2c7,True,/mnt/ASSAS/upload_test/215e53e2-71f8-46eb-b784-06c4df6ff2c7/upload_info.pickle,0,False
/mnt/ASSAS/upload_test/216f8b1f-7cf8-4038-bbaa-d892877ad361,True,/mnt/ASSAS/upload_test/216f8b1f-7cf8-4038-bbaa-d892877ad361/upload_info.pickle,0,False
/mnt/ASSAS/upload_test/219c489b-bdc9-400b-a78a-e02d38c1768b,True,/mnt/ASSAS/upload_test/219c489b-bdc9-400b-a78a-e02d38c1768b/upload_info.pickle,0,False
/mnt/ASSAS/upload_test/220ec65e-e91f-4eb7-a3f3-2f1df0d74118,True,/mnt/ASSAS/upload_test/220ec65e-e91f-4eb7-a3f3-2f1df0d74118/upload_info.pickle,0,False
/mnt/ASSAS/upload_test/22739eb7-c395-4998-8483-db2209c0e55b,True,/mnt/ASSAS/upload_test/22739eb7-c395-4998-8483-db2209c0e55b/upload_info.pickle,0,False
/mnt/ASSAS/upload_test/2289904f-fb7d-4a6a-af1f-dd3590f2746c,True,/mnt/ASSAS/upload_test/2289904f-fb7d-4a6a-af1f-dd3590f2746c/upload_info.pickle,0,False
/mnt/ASSAS/upload_test/228fd1fd-9673-4942-b1be-1dca8fe233fc,True,/mnt/ASSAS/upload_test/228fd1fd-9673-4942-b1be-1dca8fe233fc/upload_info.pickle,0,False
/mnt/ASSAS/upload_test/229fdf71-05b8-41a5-9ac0-fdd46a789927,True,/mnt/ASSAS/upload_test/229fdf71-05b8-41a5-9ac0-fdd46a789927/upload_info.pickle,0,False
/mnt/ASSAS/upload_test/22d7eb06-50c9-44f7-807d-65d9792249c9,True,/mnt/ASSAS/upload_test/22d7eb06-50c9-44f7-807d-65d9792249c9/upload_info.pickle,0,False
/mnt/ASSAS/upload_test/22eda73e-95c9-4b7c-ae14-e4e0d49b27c5,True,/mnt/ASSAS/upload_test/22eda73e-95c9-4b7c-ae14-e4e0d49b27c5/upload_info.pickle,0,False
/mnt/ASSAS/upload_test/22f9369c-bed8-4ecc-8d54-5c51632692aa,True,/mnt/ASSAS/upload_test/22f9369c-bed8-4ecc-8d54-5c51632692aa/upload_info.pickle,0,False
/mnt/ASSAS/upload_test/22fed2a1-2204-45b3-9681-8b59279a0b46,True,/mnt/ASSAS/upload_test/22fed2a1-2204-45b3-9681-8b59279a0b46/upload_info.pickle,0,False
/mnt/ASSAS/upload_test/2316d648-9ae3-402b-a019-f91af6a0dce3,True,/mnt/ASSAS/upload_test/2316d648-9ae3-402b-a019-f91af6a0dce3/upload_info.pickle,0,False
/mnt/ASSAS/upload_test/23404b97-fbb0-459a-8315-32f1009b554d,True,/mnt/ASSAS/upload_test/23404b97-fbb0-459a-8315-32f1009b554d/upload_info.pickle,0,False
/mnt/ASSAS/upload_test/2357a7e1-739c-4fe3-a69d-5a185b83aa9f,True,/mnt/ASSAS/upload_test/2357a7e1-739c-4fe3-a69d-5a185b83aa9f/upload_info.pickle,0,False
/mnt/ASSAS/upload_test/236a51a8-113d-4986-b1fb-d2f422122729,True,/mnt/ASSAS/upload_test/236a51a8-113d-4986-b1fb-d2f422122729/upload_info.pickle,0,False
/mnt/ASSAS/upload_test/23d2c8eb-594a-4553-a60f-ed9f840aefc1,True,/mnt/ASSAS/upload_test/23d2c8eb-594a-4553-a60f-ed9f840aefc1/upload_info.pickle,0,False
/mnt/ASSAS/upload_test/23fd7ec0-9dc9-4373-b7f9-22a62da63165,True,/mnt/ASSAS/upload_test/23fd7ec0-9dc9-4373-b7f9-22a62da63165/upload_info.pickle,0,False
/mnt/ASSAS/upload_test/24edc902-1ac6-48c5-bae9-877bc4b8bbcc,True,/mnt/ASSAS/upload_test/24edc902-1ac6-48c5-bae9-877bc4b8bbcc/upload_info.pickle,0,False
/mnt/ASSAS/upload_test/254578e9-17fd-4c5b-812b-1097f276a6dc,True,/mnt/ASSAS/upload_test/254578e9-17fd-4c5b-812b-1097f276a6dc/upload_info.pickle,0,False
/mnt/ASSAS/upload_test/2560fa0b-e9a8-42ff-88d3-5424192aeb45,True,/mnt/ASSAS/upload_test/2560fa0b-e9a8-42ff-88d3-5424192aeb45/upload_info.pickle,0,False
/mnt/ASSAS/upload_test/25719b43-5935-42f7-a61f-f204494548a3,True,/mnt/ASSAS/upload_test/25719b43-5935-42f7-a61f-f204494548a3/upload_info.pickle,0,False
/mnt/ASSAS/upload_test/25c5735a-cffe-4983-98a9-d8a726c332be,True,/mnt/ASSAS/upload_test/25c5735a-cffe-4983-98a9-d8a726c332be/upload_info.pickle,0,False
/mnt/ASSAS/upload_test/262b3de7-020a-4e83-8072-1aac7b3617e4,True,/mnt/ASSAS/upload_test/262b3de7-020a-4e83-8072-1aac7b3617e4/upload_info.pickle,0,False
/mnt/ASSAS/upload_test/272709e7-f35f-4c02-94d6-fc591c457458,True,/mnt/ASSAS/upload_test/272709e7-f35f-4c02-94d6-fc591c457458/upload_info.pickle,0,False
/mnt/ASSAS/upload_test/273291e2-8fed-43c2-8532-36ec6a25a6bb,True,/mnt/ASSAS/upload_test/273291e2-8fed-43c2-8532-36ec6a25a6bb/upload_info.pickle,0,False
/mnt/ASSAS/upload_test/27629553-8daf-4448-bf12-37e64c6a2e7f,True,/mnt/ASSAS/upload_test/27629553-8daf-4448-bf12-37e64c6a2e7f/upload_info.pickle,0,False
/mnt/ASSAS/upload_test/27a07ed6-cdc8-4e66-a60b-b2b6cda95f97,True,/mnt/ASSAS/upload_test/27a07ed6-cdc8-4e66-a60b-b2b6cda95f97/upload_info.pickle,0,False
/mnt/ASSAS/upload_test/27a2eb18-fc47-4322-9e24-c6d5ad9027f1,True,/mnt/ASSAS/upload_test/27a2eb18-fc47-4322-9e24-c6d5ad9027f1/upload_info.pickle,0,False
/mnt/ASSAS/upload_test/27c53586-4ced-44e2-947d-a559b774498b,True,/mnt/ASSAS/upload_test/27c53586-4ced-44e2-947d-a559b774498b/upload_info.pickle,0,False
/mnt/ASSAS/upload_test/28428675-f172-4716-a355-7950e8b9442a,True,/mnt/ASSAS/upload_test/28428675-f172-4716-a355-7950e8b9442a/upload_info.pickle,0,False
/mnt/ASSAS/upload_test/289e16d4-2c4d-406f-8a49-01b29860f586,True,/mnt/ASSAS/upload_test/289e16d4-2c4d-406f-8a49-01b29860f586/upload_info.pickle,0,False
/mnt/ASSAS/upload_test/28aca2f4-6e91-404c-8612-f81c0b8ed021,True,/mnt/ASSAS/upload_test/28aca2f4-6e91-404c-8612-f81c0b8ed021/upload_info.pickle,0,False
/mnt/ASSAS/upload_test/28c44b4f-12ef-462b-befd-9dc5e1e70cf6,True,/mnt/ASSAS/upload_test/28c44b4f-12ef-462b-befd-9dc5e1e70cf6/upload_info.pickle,0,False
/mnt/ASSAS/upload_test/2921d6fb-0dc0-4048-870f-87aac2bc3b1f,True,/mnt/ASSAS/upload_test/2921d6fb-0dc0-4048-870f-87aac2bc3b1f/upload_info.pickle,0,False
/mnt/ASSAS/upload_test/29b70112-8375-4c2b-9710-2a66a8b6f20e,True,/mnt/ASSAS/upload_test/29b70112-8375-4c2b-9710-2a66a8b6f20e/upload_info.pickle,0,False
/mnt/ASSAS/upload_test/2a3c5d88-f424-4a5f-868f-4057fe85b132,True,/mnt/ASSAS/upload_test/2a3c5d88-f424-4a5f-868f-4057fe85b132/upload_info.pickle,0,False
/mnt/ASSAS/upload_test/2a5a9c30-50da-4f27-9649-71f4c882d3a1,True,/mnt/ASSAS/upload_test/2a5a9c30-50da-4f27-9649-71f4c882d3a1/upload_info.pickle,0,False
/mnt/ASSAS/upload_test/2a7c0fea-01fd-451b-88f6-e0589c3c9f9d,True,/mnt/ASSAS/upload_test/2a7c0fea-01fd-451b-88f6-e0589c3c9f9d/upload_info.pickle,0,False
/mnt/ASSAS/upload_test/2a7e2707-a8c4-47c0-9eae-3bea6dd42cf3,True,/mnt/ASSAS/upload_test/2a7e2707-a8c4-47c0-9eae-3bea6dd42cf3/upload_info.pickle,0,False
/mnt/ASSAS/upload_test/2ae78642-0476-4dfd-b749-03522b65e72b,True,/mnt/ASSAS/upload_test/2ae78642-0476-4dfd-b749-03522b65e72b/upload_info.pickle,0,False
/mnt/ASSAS/upload_test/2af75269-6aa2-489a-94c3-6843de963a8c,True,/mnt/ASSAS/upload_test/2af75269-6aa2-489a-94c3-6843de963a8c/upload_info.pickle,0,False
/mnt/ASSAS/upload_test/2b00429b-2dc3-42b2-9c77-a80ca4e7d19f,True,/mnt/ASSAS/upload_test/2b00429b-2dc3-42b2-9c77-a80ca4e7d19f/upload_info.pickle,0,False
/mnt/ASSAS/upload_test/2b7fb1c7-5b6a-4712-836c-628de0c72578,True,/mnt/ASSAS/upload_test/2b7fb1c7-5b6a-4712-836c-628de0c72578/upload_info.pickle,0,False
/mnt/ASSAS/upload_test/2be5ba26-46b0-425f-ace8-2b43666dbaad,True,/mnt/ASSAS/upload_test/2be5ba26-46b0-425f-ace8-2b43666dbaad/upload_info.pickle,0,False
/mnt/ASSAS/upload_test/2bfbddec-d9bc-4dea-87f7-8479856bb629,True,/mnt/ASSAS/upload_test/2bfbddec-d9bc-4dea-87f7-8479856bb629/upload_info.pickle,0,False
/mnt/ASSAS/upload_test/2c240961-f670-476b-a20a-939fcf6813e8,True,/mnt/ASSAS/upload_test/2c240961-f670-476b-a20a-939fcf6813e8/upload_info.pickle,0,False
/mnt/ASSAS/upload_test/2c2cbbd4-42da-4cba-862b-28a2ac0c0b07,True,/mnt/ASSAS/upload_test/2c2cbbd4-42da-4cba-862b-28a2ac0c0b07/upload_info.pickle,0,False
/mnt/ASSAS/upload_test/2c3043cb-485a-4398-968f-0f2fda3932ea,True,/mnt/ASSAS/upload_test/2c3043cb-485a-4398-968f-0f2fda3932ea/upload_info.pickle,0,False
/mnt/ASSAS/upload_test/2c3bf69f-8107-4234-a141-a45fabcad41d,True,/mnt/ASSAS/upload_test/2c3bf69f-8107-4234-a141-a45fabcad41d/upload_info.pickle,0,False
/mnt/ASSAS/upload_test/2c5302ad-f65e-4358-83d1-b672852cd154,True,/mnt/ASSAS/upload_test/2c5302ad-f65e-4358-83d1-b672852cd154/upload_info.pickle,0,False
/mnt/ASSAS/upload_test/2cfc0003-5fc5-4fcb-a78e-0c6bf3fa9c18,True,/mnt/ASSAS/upload_test/2cfc0003-5fc5-4fcb-a78e-0c6bf3fa9c18/upload_info.pickle,0,False
/mnt/ASSAS/upload_test/2d1414a6-bf68-4b13-87dc-4efd902cff33,True,/mnt/ASSAS/upload_test/2d1414a6-bf68-4b13-87dc-4efd902cff33/upload_info.pickle,0,False
/mnt/ASSAS/upload_test/2da27488-37cf-401d-92d5-0a3aa853fbbe,True,/mnt/ASSAS/upload_test/2da27488-37cf-401d-92d5-0a3aa853fbbe/upload_info.pickle,0,False
/mnt/ASSAS/upload_test/2dbdc6c7-2ea0-4f51-8967-6907db9e6782,True,/mnt/ASSAS/upload_test/2dbdc6c7-2ea0-4f51-8967-6907db9e6782/upload_info.pickle,0,False
/mnt/ASSAS/upload_test/2e10568d-14cd-4f83-83b4-15ef8ad44c2a,True,/mnt/ASSAS/upload_test/2e10568d-14cd-4f83-83b4-15ef8ad44c2a/upload_info.pickle,0,False
/mnt/ASSAS/upload_test/2e1940b1-455e-486b-b55c-9faae6eb7ea7,True,/mnt/ASSAS/upload_test/2e1940b1-455e-486b-b55c-9faae6eb7ea7/upload_info.pickle,0,False
/mnt/ASSAS/upload_test/2e433963-e3ae-495e-8a36-c4de3ccd2890,True,/mnt/ASSAS/upload_test/2e433963-e3ae-495e-8a36-c4de3ccd2890/upload_info.pickle,0,False
/mnt/ASSAS/upload_test/2e7b419c-5720-43d0-85e8-ecd687db4722,True,/mnt/ASSAS/upload_test/2e7b419c-5720-43d0-85e8-ecd687db4722/upload_info.pickle,0,False
/mnt/ASSAS/upload_test/2e81f83b-af5e-4bc9-a965-af24f1b1d3a2,True,/mnt/ASSAS/upload_test/2e81f83b-af5e-4bc9-a965-af24f1b1d3a2/upload_info.pickle,0,False
/mnt/ASSAS/upload_test/2e9b7226-d5c7-4c59-a8ef-8e0551156eca,True,/mnt/ASSAS/upload_test/2e9b7226-d5c7-4c59-a8ef-8e0551156eca/upload_info.pickle,0,False
/mnt/ASSAS/upload_test/2ec73ca2-25a5-41d8-8355-55d77ccbf75a,True,/mnt/ASSAS/upload_test/2ec73ca2-25a5-41d8-8355-55d77ccbf75a/upload_info.pickle,0,False
/mnt/ASSAS/upload_test/2f17682f-97ee-4110-aac8-23d11be40aa3,True,/mnt/ASSAS/upload_test/2f17682f-97ee-4110-aac8-23d11be40aa3/upload_info.pickle,0,False
/mnt/ASSAS/upload_test/2f1e2979-65b1-4539-b17b-e07416bc5b67,True,/mnt/ASSAS/upload_test/2f1e2979-65b1-4539-b17b-e07416bc5b67/upload_info.pickle,0,False
/mnt/ASSAS/upload_test/2f28c2b2-c0e8-4bea-9ef4-686f58eac605,True,/mnt/ASSAS/upload_test/2f28c2b2-c0e8-4bea-9ef4-686f58eac605/upload_info.pickle,0,False
/mnt/ASSAS/upload_test/2f4cb3db-63d6-479d-a075-865e25959ea0,True,/mnt/ASSAS/upload_test/2f4cb3db-63d6-479d-a075-865e25959ea0/upload_info.pickle,0,False
/mnt/ASSAS/upload_test/2f560a61-5950-48d4-a944-83b36f840dec,True,/mnt/ASSAS/upload_test/2f560a61-5950-48d4-a944-83b36f840dec/upload_info.pickle,0,False
/mnt/ASSAS/upload_test/2f785c15-def9-444a-9a1a-f34c07a42538,True,/mnt/ASSAS/upload_test/2f785c15-def9-444a-9a1a-f34c07a42538/upload_info.pickle,0,False
/mnt/ASSAS/upload_test/2fdca708-8600-40a0-8f72-d504f8b1a3e8,True,/mnt/ASSAS/upload_test/2fdca708-8600-40a0-8f72-d504f8b1a3e8/upload_info.pickle,0,False
/mnt/ASSAS/upload_test/300b7c4b-2819-4cf5-9cf0-0a2c0578dfd6,True,/mnt/ASSAS/upload_test/300b7c4b-2819-4cf5-9cf0-0a2c0578dfd6/upload_info.pickle,0,False
/mnt/ASSAS/upload_test/3031b86c-da92-49e4-9728-74a1abfaa59b,True,/mnt/ASSAS/upload_test/3031b86c-da92-49e4-9728-74a1abfaa59b/upload_info.pickle,0,False
/mnt/ASSAS/upload_test/30383d3a-5a77-4240-b716-c918be976bef,True,/mnt/ASSAS/upload_test/30383d3a-5a77-4240-b716-c918be976bef/upload_info.pickle,0,False
/mnt/ASSAS/upload_test/30590b56-e5d5-40c9-8917-88a9c85128d0,True,/mnt/ASSAS/upload_test/30590b56-e5d5-40c9-8917-88a9c85128d0/upload_info.pickle,0,False
/mnt/ASSAS/upload_test/30b429a1-6eac-431e-b7b4-51a5c79d8cdb,True,/mnt/ASSAS/upload_test/30b429a1-6eac-431e-b7b4-51a5c79d8cdb/upload_info.pickle,0,False
/mnt/ASSAS/upload_test/30dc319e-7113-41d7-8328-1c9c2b526d4f,True,/mnt/ASSAS/upload_test/30dc319e-7113-41d7-8328-1c9c2b526d4f/upload_info.pickle,0,False
/mnt/ASSAS/upload_test/30e0f6ef-5049-4c9f-bed2-480e636ced54,True,/mnt/ASSAS/upload_test/30e0f6ef-5049-4c9f-bed2-480e636ced54/upload_info.pickle,0,False
/mnt/ASSAS/upload_test/31103f29-877a-459e-be42-5f9659979a90,True,/mnt/ASSAS/upload_test/31103f29-877a-459e-be42-5f9659979a90/upload_info.pickle,0,False
/mnt/ASSAS/upload_test/311e3f42-c905-4cd4-85d8-07297cddc429,True,/mnt/ASSAS/upload_test/311e3f42-c905-4cd4-85d8-07297cddc429/upload_info.pickle,0,False
/mnt/ASSAS/upload_test/3126a8a0-3439-4cf1-87ba-ce2ec08f07a2,True,/mnt/ASSAS/upload_test/3126a8a0-3439-4cf1-87ba-ce2ec08f07a2/upload_info.pickle,0,False
/mnt/ASSAS/upload_test/313771b9-4ff4-4c8a-b7b9-053c9bd0a93b,True,/mnt/ASSAS/upload_test/313771b9-4ff4-4c8a-b7b9-053c9bd0a93b/upload_info.pickle,0,False
/mnt/ASSAS/upload_test/316e6ada-c963-473f-83bb-d2260fca0b26,True,/mnt/ASSAS/upload_test/316e6ada-c963-473f-83bb-d2260fca0b26/upload_info.pickle,0,False
/mnt/ASSAS/upload_test/3183c7b2-ab68-4360-aff4-a7bbe9e4bee7,True,/mnt/ASSAS/upload_test/3183c7b2-ab68-4360-aff4-a7bbe9e4bee7/upload_info.pickle,0,False
/mnt/ASSAS/upload_test/3190bc84-044a-4d9b-81ee-2f140984ebd2,True,/mnt/ASSAS/upload_test/3190bc84-044a-4d9b-81ee-2f140984ebd2/upload_info.pickle,0,False
/mnt/ASSAS/upload_test/31a6fe62-8646-4343-ac0c-6f3e324e6e5a,True,/mnt/ASSAS/upload_test/31a6fe62-8646-4343-ac0c-6f3e324e6e5a/upload_info.pickle,0,False
/mnt/ASSAS/upload_test/31f4e787-564d-4294-ae0c-3b82b2288c77,True,/mnt/ASSAS/upload_test/31f4e787-564d-4294-ae0c-3b82b2288c77/upload_info.pickle,0,False
/mnt/ASSAS/upload_test/32118491-31c1-47fa-870f-1f750f6cc8ea,True,/mnt/ASSAS/upload_test/32118491-31c1-47fa-870f-1f750f6cc8ea/upload_info.pickle,0,False
/mnt/ASSAS/upload_test/329dfc89-a459-41e8-b017-efc2196cb69c,True,/mnt/ASSAS/upload_test/329dfc89-a459-41e8-b017-efc2196cb69c/upload_info.pickle,0,False
/mnt/ASSAS/upload_test/32c22791-d018-4823-83be-1dcc9ec82302,True,/mnt/ASSAS/upload_test/32c22791-d018-4823-83be-1dcc9ec82302/upload_info.pickle,0,False
/mnt/ASSAS/upload_test/32e08387-e695-4450-a6fa-96efbdd1c1d0,True,/mnt/ASSAS/upload_test/32e08387-e695-4450-a6fa-96efbdd1c1d0/upload_info.pickle,0,False
/mnt/ASSAS/upload_test/32f6f165-c9f3-424c-8eae-7516af7a5f40,True,/mnt/ASSAS/upload_test/32f6f165-c9f3-424c-8eae-7516af7a5f40/upload_info.pickle,0,False
/mnt/ASSAS/upload_test/3300c9b4-2dbe-431a-aa66-817f124ad5d1,True,/mnt/ASSAS/upload_test/3300c9b4-2dbe-431a-aa66-817f124ad5d1/upload_info.pickle,0,False
/mnt/ASSAS/upload_test/33241645-fe63-4ab1-b8bc-f1b3da435d5b,True,/mnt/ASSAS/upload_test/33241645-fe63-4ab1-b8bc-f1b3da435d5b/upload_info.pickle,0,False
/mnt/ASSAS/upload_test/337705c5-267f-49e8-ac6e-e1139f71a8d7,True,/mnt/ASSAS/upload_test/337705c5-267f-49e8-ac6e-e1139f71a8d7/upload_info.pickle,0,False
/mnt/ASSAS/upload_test/33c8f194-2f81-4c18-8335-e7ad94aa7868,True,/mnt/ASSAS/upload_test/33c8f194-2f81-4c18-8335-e7ad94aa7868/upload_info.pickle,0,False
/mnt/ASSAS/upload_test/33ec24c6-64d1-469b-9b6e-5711f5e1d3fb,True,/mnt/ASSAS/upload_test/33ec24c6-64d1-469b-9b6e-5711f5e1d3fb/upload_info.pickle,0,False
/mnt/ASSAS/upload_test/341535a1-a4a1-4fef-a0ae-5f114541f48f,True,/mnt/ASSAS/upload_test/341535a1-a4a1-4fef-a0ae-5f114541f48f/upload_info.pickle,0,False
/mnt/ASSAS/upload_test/3457faea-8623-4b8d-9393-1959d680c4e2,True,/mnt/ASSAS/upload_test/3457faea-8623-4b8d-9393-1959d680c4e2/upload_info.pickle,0,False
/mnt/ASSAS/upload_test/34f4b17c-976b-473a-91d5-08418afb3957,True,/mnt/ASSAS/upload_test/34f4b17c-976b-473a-91d5-08418afb3957/upload_info.pickle,0,False
/mnt/ASSAS/upload_test/35011515-30ac-4958-8ea7-a931646442b0,True,/mnt/ASSAS/upload_test/35011515-30ac-4958-8ea7-a931646442b0/upload_info.pickle,0,False
/mnt/ASSAS/upload_test/352d2962-7c4a-4f86-abcf-a78e971322c2,True,/mnt/ASSAS/upload_test/352d2962-7c4a-4f86-abcf-a78e971322c2/upload_info.pickle,0,False
/mnt/ASSAS/upload_test/354462ac-abdd-4b0c-ac67-9738d6ea46ab,True,/mnt/ASSAS/upload_test/354462ac-abdd-4b0c-ac67-9738d6ea46ab/upload_info.pickle,0,False
/mnt/ASSAS/upload_test/354fc64f-d02e-4f56-8415-6f190082732e,True,/mnt/ASSAS/upload_test/354fc64f-d02e-4f56-8415-6f190082732e/upload_info.pickle,0,False
/mnt/ASSAS/upload_test/3571a917-c2e8-4e3b-9c49-5bcccc8193be,True,/mnt/ASSAS/upload_test/3571a917-c2e8-4e3b-9c49-5bcccc8193be/upload_info.pickle,0,False
/mnt/ASSAS/upload_test/3583a232-bd32-49c0-8fb5-02ab61b1ef2d,True,/mnt/ASSAS/upload_test/3583a232-bd32-49c0-8fb5-02ab61b1ef2d/upload_info.pickle,0,False
/mnt/ASSAS/upload_test/358de218-f645-4973-bcf5-c2e7c92a1cf9,True,/mnt/ASSAS/upload_test/358de218-f645-4973-bcf5-c2e7c92a1cf9/upload_info.pickle,0,False
/mnt/ASSAS/upload_test/35924d9d-d178-4e9f-b5c7-4db2c3196daa,True,/mnt/ASSAS/upload_test/35924d9d-d178-4e9f-b5c7-4db2c3196daa/upload_info.pickle,0,False
/mnt/ASSAS/upload_test/35c33cf8-df3d-4415-bbf1-d3e5b1282737,True,/mnt/ASSAS/upload_test/35c33cf8-df3d-4415-bbf1-d3e5b1282737/upload_info.pickle,0,False
/mnt/ASSAS/upload_test/35edfbc8-315e-45b3-b378-5960deede59e,True,/mnt/ASSAS/upload_test/35edfbc8-315e-45b3-b378-5960deede59e/upload_info.pickle,0,False
/mnt/ASSAS/upload_test/3602f1e2-3425-4aab-a8c8-e5e4c5df4bc4,True,/mnt/ASSAS/upload_test/3602f1e2-3425-4aab-a8c8-e5e4c5df4bc4/upload_info.pickle,0,False
/mnt/ASSAS/upload_test/361102ea-5b1e-4098-b45d-43fbe50728a8,True,/mnt/ASSAS/upload_test/361102ea-5b1e-4098-b45d-43fbe50728a8/upload_info.pickle,0,False
/mnt/ASSAS/upload_test/3690fb45-413a-4385-8303-4d92e1291e60,True,/mnt/ASSAS/upload_test/3690fb45-413a-4385-8303-4d92e1291e60/upload_info.pickle,0,False
/mnt/ASSAS/upload_test/36a92f0b-58f5-4778-9ae6-db70f8f224ef,True,/mnt/ASSAS/upload_test/36a92f0b-58f5-4778-9ae6-db70f8f224ef/upload_info.pickle,0,False
/mnt/ASSAS/upload_test/36cceee3-a091-4ced-ac54-d8dfa103ac06,True,/mnt/ASSAS/upload_test/36cceee3-a091-4ced-ac54-d8dfa103ac06/upload_info.pickle,0,False
/mnt/ASSAS/upload_test/36e142b5-e046-49fe-9545-6ad526759bd3,True,/mnt/ASSAS/upload_test/36e142b5-e046-49fe-9545-6ad526759bd3/upload_info.pickle,0,False
/mnt/ASSAS/upload_test/36ee904b-b98e-4385-809e-53a57d2c75f2,True,/mnt/ASSAS/upload_test/36ee904b-b98e-4385-809e-53a57d2c75f2/upload_info.pickle,0,False
/mnt/ASSAS/upload_test/36fd5e99-33c4-4ad0-906d-6b913abd36c2,True,/mnt/ASSAS/upload_test/36fd5e99-33c4-4ad0-906d-6b913abd36c2/upload_info.pickle,0,False
/mnt/ASSAS/upload_test/3708babf-90a4-4016-9d44-c22fbdaf2682,True,/mnt/ASSAS/upload_test/3708babf-90a4-4016-9d44-c22fbdaf2682/upload_info.pickle,0,False
/mnt/ASSAS/upload_test/378985b4-cedf-4645-bff8-9b533c1fac4f,True,/mnt/ASSAS/upload_test/378985b4-cedf-4645-bff8-9b533c1fac4f/upload_info.pickle,0,False
/mnt/ASSAS/upload_test/37bf2115-5370-4bed-a142-550f5d41513b,True,/mnt/ASSAS/upload_test/37bf2115-5370-4bed-a142-550f5d41513b/upload_info.pickle,0,False
/mnt/ASSAS/upload_test/38504be5-9f7e-46ef-9118-35491580b19e,True,/mnt/ASSAS/upload_test/38504be5-9f7e-46ef-9118-35491580b19e/upload_info.pickle,0,False
/mnt/ASSAS/upload_test/38630af7-bdcb-460b-b810-710e7563f262,True,/mnt/ASSAS/upload_test/38630af7-bdcb-460b-b810-710e7563f262/upload_info.pickle,0,False
/mnt/ASSAS/upload_test/3865f9a7-ae16-45c0-b733-d5955f2131f6,True,/mnt/ASSAS/upload_test/3865f9a7-ae16-45c0-b733-d5955f2131f6/upload_info.pickle,0,False
/mnt/ASSAS/upload_test/388fb4e2-6370-4605-8a8a-6a657b3ca105,True,/mnt/ASSAS/upload_test/388fb4e2-6370-4605-8a8a-6a657b3ca105/upload_info.pickle,0,False
/mnt/ASSAS/upload_test/38d621e9-3a89-4ba0-95b9-0bf330cadd42,True,/mnt/ASSAS/upload_test/38d621e9-3a89-4ba0-95b9-0bf330cadd42/upload_info.pickle,0,False
/mnt/ASSAS/upload_test/391f426d-a7f2-4dd7-aa4f-7e840636262e,True,/mnt/ASSAS/upload_test/391f426d-a7f2-4dd7-aa4f-7e840636262e/upload_info.pickle,0,False
/mnt/ASSAS/upload_test/392d783a-3478-4c59-954e-4ead1569b2c8,True,/mnt/ASSAS/upload_test/392d783a-3478-4c59-954e-4ead1569b2c8/upload_info.pickle,0,False
/mnt/ASSAS/upload_test/3938ebc6-f832-4e52-b2e1-f6ec55bc81d1,True,/mnt/ASSAS/upload_test/3938ebc6-f832-4e52-b2e1-f6ec55bc81d1/upload_info.pickle,0,False
/mnt/ASSAS/upload_test/396f0141-a54d-4db1-a2e4-3720aa543154,True,/mnt/ASSAS/upload_test/396f0141-a54d-4db1-a2e4-3720aa543154/upload_info.pickle,0,False
/mnt/ASSAS/upload_test/39817911-ea9d-480b-90b5-810dbae55187,True,/mnt/ASSAS/upload_test/39817911-ea9d-480b-90b5-810dbae55187/upload_info.pickle,0,False
/mnt/ASSAS/upload_test/3984cd34-b732-4780-913e-9708d643bdb4,True,/mnt/ASSAS/upload_test/3984cd34-b732-4780-913e-9708d643bdb4/upload_info.pickle,0,False
/mnt/ASSAS/upload_test/399ce6de-ddee-46e5-821c-b30620d6a8bc,True,/mnt/ASSAS/upload_test/399ce6de-ddee-46e5-821c-b30620d6a8bc/upload_info.pickle,0,False
/mnt/ASSAS/upload_test/39affb9f-57c3-4a4b-8cf0-838ae0c5436d,True,/mnt/ASSAS/upload_test/39affb9f-57c3-4a4b-8cf0-838ae0c5436d/upload_info.pickle,0,False
/mnt/ASSAS/upload_test/39b5a179-b6a5-4f62-b6cf-dfb6a3b2077b,True,/mnt/ASSAS/upload_test/39b5a179-b6a5-4f62-b6cf-dfb6a3b2077b/upload_info.pickle,0,False
/mnt/ASSAS/upload_test/39c668f9-1fb9-4f5d-9330-63720b1b35f5,True,/mnt/ASSAS/upload_test/39c668f9-1fb9-4f5d-9330-63720b1b35f5/upload_info.pickle,0,False
/mnt/ASSAS/upload_test/3a0989ea-ec92-4b3f-b342-7bdcbb2d7b9c,True,/mnt/ASSAS/upload_test/3a0989ea-ec92-4b3f-b342-7bdcbb2d7b9c/upload_info.pickle,0,False
/mnt/ASSAS/upload_test/3a1b5fc6-00ef-4e67-882e-8573db1a59e8,True,/mnt/ASSAS/upload_test/3a1b5fc6-00ef-4e67-882e-8573db1a59e8/upload_info.pickle,0,False
/mnt/ASSAS/upload_test/3a39f5b6-fa35-454a-b4b2-89789f06e3a0,True,/mnt/ASSAS/upload_test/3a39f5b6-fa35-454a-b4b2-89789f06e3a0/upload_info.pickle,0,False
/mnt/ASSAS/upload_test/3a6319ef-138e-4b8d-9797-d8d008117924,True,/mnt/ASSAS/upload_test/3a6319ef-138e-4b8d-9797-d8d008117924/upload_info.pickle,0,False
/mnt/ASSAS/upload_test/3ab036f2-cddd-4abd-8e0e-b7a9360a712f,True,/mnt/ASSAS/upload_test/3ab036f2-cddd-4abd-8e0e-b7a9360a712f/upload_info.pickle,0,False
/mnt/ASSAS/upload_test/3ab361fc-d296-4a1d-9b02-a1893e413219,True,/mnt/ASSAS/upload_test/3ab361fc-d296-4a1d-9b02-a1893e413219/upload_info.pickle,0,False
/mnt/ASSAS/upload_test/3adbe01c-e324-4f24-8b63-25f6ea7d9a25,True,/mnt/ASSAS/upload_test/3adbe01c-e324-4f24-8b63-25f6ea7d9a25/upload_info.pickle,0,False
/mnt/ASSAS/upload_test/3af4f82e-519f-4af8-9858-2a5dd0c4ae4f,True,/mnt/ASSAS/upload_test/3af4f82e-519f-4af8-9858-2a5dd0c4ae4f/upload_info.pickle,0,False
/mnt/ASSAS/upload_test/3b3bed86-7bab-4e16-a2ba-933f4c1d0746,True,/mnt/ASSAS/upload_test/3b3bed86-7bab-4e16-a2ba-933f4c1d0746/upload_info.pickle,0,False
/mnt/ASSAS/upload_test/3b63ac28-759a-4335-b437-72932e4cb277,True,/mnt/ASSAS/upload_test/3b63ac28-759a-4335-b437-72932e4cb277/upload_info.pickle,0,False
/mnt/ASSAS/upload_test/3b64c292-75d5-4e22-9459-1f2e3c0553bd,True,/mnt/ASSAS/upload_test/3b64c292-75d5-4e22-9459-1f2e3c0553bd/upload_info.pickle,0,False
/mnt/ASSAS/upload_test/3b692eab-8a7a-4220-99af-8e69a30fa16c,True,/mnt/ASSAS/upload_test/3b692eab-8a7a-4220-99af-8e69a30fa16c/upload_info.pickle,0,False
/mnt/ASSAS/upload_test/3be0dc9b-bf40-4d0f-8b79-be735dec106e,True,/mnt/ASSAS/upload_test/3be0dc9b-bf40-4d0f-8b79-be735dec106e/upload_info.pickle,0,False
/mnt/ASSAS/upload_test/3c133bc5-a13c-4bf3-856a-157e5d06f583,True,/mnt/ASSAS/upload_test/3c133bc5-a13c-4bf3-856a-157e5d06f583/upload_info.pickle,0,False
/mnt/ASSAS/upload_test/3c5b31a8-c290-4cbb-8fff-a8c430c71609,True,/mnt/ASSAS/upload_test/3c5b31a8-c290-4cbb-8fff-a8c430c71609/upload_info.pickle,0,False
/mnt/ASSAS/upload_test/3c603fac-661d-4bb6-9408-5dd6ac69a0bc,True,/mnt/ASSAS/upload_test/3c603fac-661d-4bb6-9408-5dd6ac69a0bc/upload_info.pickle,0,False
/mnt/ASSAS/upload_test/3c6074e5-cbeb-433e-ab22-ebe37286ffe9,True,/mnt/ASSAS/upload_test/3c6074e5-cbeb-433e-ab22-ebe37286ffe9/upload_info.pickle,0,False
/mnt/ASSAS/upload_test/3c7a43f2-c332-43bc-b8e3-c13d01299ef0,True,/mnt/ASSAS/upload_test/3c7a43f2-c332-43bc-b8e3-c13d01299ef0/upload_info.pickle,0,False
/mnt/ASSAS/upload_test/3c92ec1e-8816-4bef-bde9-2626d2b2863f,True,/mnt/ASSAS/upload_test/3c92ec1e-8816-4bef-bde9-2626d2b2863f/upload_info.pickle,0,False
/mnt/ASSAS/upload_test/3ca99ae0-4273-4edd-97c3-b45b6c0f3679,True,/mnt/ASSAS/upload_test/3ca99ae0-4273-4edd-97c3-b45b6c0f3679/upload_info.pickle,0,False
/mnt/ASSAS/upload_test/3ce862b9-6653-4038-9c10-e731f2fd0824,True,/mnt/ASSAS/upload_test/3ce862b9-6653-4038-9c10-e731f2fd0824/upload_info.pickle,0,False
/mnt/ASSAS/upload_test/3cec4f08-fe9b-49fa-ad88-1b3c2492a67f,True,/mnt/ASSAS/upload_test/3cec4f08-fe9b-49fa-ad88-1b3c2492a67f/upload_info.pickle,0,False
/mnt/ASSAS/upload_test/3d0cb794-eb67-4c12-9d39-3b8bfe377f00,True,/mnt/ASSAS/upload_test/3d0cb794-eb67-4c12-9d39-3b8bfe377f00/upload_info.pickle,0,False
/mnt/ASSAS/upload_test/3d1c3b19-13e5-4add-baef-ecf18416ccdd,True,/mnt/ASSAS/upload_test/3d1c3b19-13e5-4add-baef-ecf18416ccdd/upload_info.pickle,0,False
/mnt/ASSAS/upload_test/3d4cdcab-960b-48ac-adff-185a4e2c385c,True,/mnt/ASSAS/upload_test/3d4cdcab-960b-48ac-adff-185a4e2c385c/upload_info.pickle,0,False
/mnt/ASSAS/upload_test/3d8c07ba-6c9e-45c5-a4f9-871dd6ddc71a,True,/mnt/ASSAS/upload_test/3d8c07ba-6c9e-45c5-a4f9-871dd6ddc71a/upload_info.pickle,0,False
/mnt/ASSAS/upload_test/3d9f6627-50a9-44b6-8d22-583f1ca274a0,True,/mnt/ASSAS/upload_test/3d9f6627-50a9-44b6-8d22-583f1ca274a0/upload_info.pickle,0,False
/mnt/ASSAS/upload_test/3de0e822-bd8c-4ac4-a757-ba407a235fab,True,/mnt/ASSAS/upload_test/3de0e822-bd8c-4ac4-a757-ba407a235fab/upload_info.pickle,0,False
/mnt/ASSAS/upload_test/3e0a583e-895c-408f-9733-2016c663b3d1,True,/mnt/ASSAS/upload_test/3e0a583e-895c-408f-9733-2016c663b3d1/upload_info.pickle,0,False
/mnt/ASSAS/upload_test/3e1ccb3b-df69-487c-b0c5-59409ec9ecf6,True,/mnt/ASSAS/upload_test/3e1ccb3b-df69-487c-b0c5-59409ec9ecf6/upload_info.pickle,0,False
/mnt/ASSAS/upload_test/3e3638e6-e02e-44ab-88f9-bf1bd7a62770,True,/mnt/ASSAS/upload_test/3e3638e6-e02e-44ab-88f9-bf1bd7a62770/upload_info.pickle,0,False
/mnt/ASSAS/upload_test/3e55262c-a20c-4551-9f73-12508917a420,True,/mnt/ASSAS/upload_test/3e55262c-a20c-4551-9f73-12508917a420/upload_info.pickle,0,False
/mnt/ASSAS/upload_test/3e6ad1c8-f101-41cc-9c7b-99a13cfe0a37,True,/mnt/ASSAS/upload_test/3e6ad1c8-f101-41cc-9c7b-99a13cfe0a37/upload_info.pickle,0,False
/mnt/ASSAS/upload_test/3e8933aa-02a2-44e0-9961-9954f8877e3d,True,/mnt/ASSAS/upload_test/3e8933aa-02a2-44e0-9961-9954f8877e3d/upload_info.pickle,0,False
/mnt/ASSAS/upload_test/3eae8829-ae63-4885-a08d-77af1e858c20,True,/mnt/ASSAS/upload_test/3eae8829-ae63-4885-a08d-77af1e858c20/upload_info.pickle,0,False
/mnt/ASSAS/upload_test/3eb37cd3-792f-425a-9a1a-1a6a23a8bbc3,True,/mnt/ASSAS/upload_test/3eb37cd3-792f-425a-9a1a-1a6a23a8bbc3/upload_info.pickle,0,False
/mnt/ASSAS/upload_test/3eb4261e-bc23-400f-aa6f-2e73eead17a8,True,/mnt/ASSAS/upload_test/3eb4261e-bc23-400f-aa6f-2e73eead17a8/upload_info.pickle,0,False
/mnt/ASSAS/upload_test/3ec9fd4c-9a52-4675-bf6c-df38de42e9e9,True,/mnt/ASSAS/upload_test/3ec9fd4c-9a52-4675-bf6c-df38de42e9e9/upload_info.pickle,0,False
/mnt/ASSAS/upload_test/3ee4e0e7-b125-4c4a-9cdc-63ca968e98cd,True,/mnt/ASSAS/upload_test/3ee4e0e7-b125-4c4a-9cdc-63ca968e98cd/upload_info.pickle,0,False
/mnt/ASSAS/upload_test/3efd60c3-ed77-48e5-91ae-ffa254ee8214,True,/mnt/ASSAS/upload_test/3efd60c3-ed77-48e5-91ae-ffa254ee8214/upload_info.pickle,0,False
/mnt/ASSAS/upload_test/3f275aa3-5a5d-4f25-ae4e-68c72d3bf236,True,/mnt/ASSAS/upload_test/3f275aa3-5a5d-4f25-ae4e-68c72d3bf236/upload_info.pickle,0,False
/mnt/ASSAS/upload_test/3f2fa9dc-b208-4bee-ac35-f5e39b1c1226,True,/mnt/ASSAS/upload_test/3f2fa9dc-b208-4bee-ac35-f5e39b1c1226/upload_info.pickle,0,False
/mnt/ASSAS/upload_test/3f313fb6-a8c2-4093-a89a-ffbc97f8b577,True,/mnt/ASSAS/upload_test/3f313fb6-a8c2-4093-a89a-ffbc97f8b577/upload_info.pickle,0,False
/mnt/ASSAS/upload_test/3f5c219b-37f8-4def-97cc-73a7fecff4d3,True,/mnt/ASSAS/upload_test/3f5c219b-37f8-4def-97cc-73a7fecff4d3/upload_info.pickle,0,False
/mnt/ASSAS/upload_test/3f741867-5e0a-4e04-b904-d7a1418d28ed,True,/mnt/ASSAS/upload_test/3f741867-5e0a-4e04-b904-d7a1418d28ed/upload_info.pickle,0,False
/mnt/ASSAS/upload_test/3f947118-9cf5-4770-8d45-b21e39c561a2,True,/mnt/ASSAS/upload_test/3f947118-9cf5-4770-8d45-b21e39c561a2/upload_info.pickle,0,False
/mnt/ASSAS/upload_test/3ff24bb7-aee9-409a-8566-4a7510ba623c,True,/mnt/ASSAS/upload_test/3ff24bb7-aee9-409a-8566-4a7510ba623c/upload_info.pickle,0,False
/mnt/ASSAS/upload_test/400210d3-e723-4806-b67e-ac10e42517a7,True,/mnt/ASSAS/upload_test/400210d3-e723-4806-b67e-ac10e42517a7/upload_info.pickle,0,False
/mnt/ASSAS/upload_test/401e5f9f-d225-4f7b-a8d7-9e425a845f79,True,/mnt/ASSAS/upload_test/401e5f9f-d225-4f7b-a8d7-9e425a845f79/upload_info.pickle,0,False
/mnt/ASSAS/upload_test/404719bd-d072-4188-a06f-fa31585acae1,True,/mnt/ASSAS/upload_test/404719bd-d072-4188-a06f-fa31585acae1/upload_info.pickle,0,False
/mnt/ASSAS/upload_test/40659d8e-7292-44ca-be39-6c24371f2b70,True,/mnt/ASSAS/upload_test/40659d8e-7292-44ca-be39-6c24371f2b70/upload_info.pickle,0,False
/mnt/ASSAS/upload_test/4066061f-3813-496c-9f79-053efc11dc7b,True,/mnt/ASSAS/upload_test/4066061f-3813-496c-9f79-053efc11dc7b/upload_info.pickle,0,False
/mnt/ASSAS/upload_test/40904ea3-a851-4a42-88ce-ef6df3ff5313,True,/mnt/ASSAS/upload_test/40904ea3-a851-4a42-88ce-ef6df3ff5313/upload_info.pickle,0,False
/mnt/ASSAS/upload_test/40c70708-aea7-4250-8a89-139f86b013f8,True,/mnt/ASSAS/upload_test/40c70708-aea7-4250-8a89-139f86b013f8/upload_info.pickle,0,False
/mnt/ASSAS/upload_test/41068a0d-74f8-4e51-a710-faef3fc0be23,True,/mnt/ASSAS/upload_test/41068a0d-74f8-4e51-a710-faef3fc0be23/upload_info.pickle,0,False
/mnt/ASSAS/upload_test/410ae110-5606-4571-83f6-d3de88186bf6,True,/mnt/ASSAS/upload_test/410ae110-5606-4571-83f6-d3de88186bf6/upload_info.pickle,0,False
/mnt/ASSAS/upload_test/410d06a0-654c-428c-bcb9-349805e5d9a1,True,/mnt/ASSAS/upload_test/410d06a0-654c-428c-bcb9-349805e5d9a1/upload_info.pickle,0,False
/mnt/ASSAS/upload_test/4122f05b-122f-419b-b36b-2f08b1960351,True,/mnt/ASSAS/upload_test/4122f05b-122f-419b-b36b-2f08b1960351/upload_info.pickle,0,False
/mnt/ASSAS/upload_test/41351cdb-1dad-41ae-8159-1ef65cf6a20b,True,/mnt/ASSAS/upload_test/41351cdb-1dad-41ae-8159-1ef65cf6a20b/upload_info.pickle,0,False
/mnt/ASSAS/upload_test/413fa052-eeff-4708-8f9e-3d2ae5196ad3,True,/mnt/ASSAS/upload_test/413fa052-eeff-4708-8f9e-3d2ae5196ad3/upload_info.pickle,0,False
/mnt/ASSAS/upload_test/41c0a3e2-4c92-4f51-b436-4740fbcffc3e,True,/mnt/ASSAS/upload_test/41c0a3e2-4c92-4f51-b436-4740fbcffc3e/upload_info.pickle,0,False
/mnt/ASSAS/upload_test/421c69d5-7e37-423f-82db-5bc105248588,True,/mnt/ASSAS/upload_test/421c69d5-7e37-423f-82db-5bc105248588/upload_info.pickle,0,False
/mnt/ASSAS/upload_test/4251a26b-d2dc-4fb8-905a-5376ac1186c2,True,/mnt/ASSAS/upload_test/4251a26b-d2dc-4fb8-905a-5376ac1186c2/upload_info.pickle,0,False
/mnt/ASSAS/upload_test/4255f66b-4196-44f1-9cdf-f052e7a841c5,True,/mnt/ASSAS/upload_test/4255f66b-4196-44f1-9cdf-f052e7a841c5/upload_info.pickle,0,False
/mnt/ASSAS/upload_test/4257ad4d-3624-4d75-8871-95f76b6eed0a,True,/mnt/ASSAS/upload_test/4257ad4d-3624-4d75-8871-95f76b6eed0a/upload_info.pickle,0,False
/mnt/ASSAS/upload_test/42624de4-e65e-4bb4-8191-ccb309a79a8f,True,/mnt/ASSAS/upload_test/42624de4-e65e-4bb4-8191-ccb309a79a8f/upload_info.pickle,0,False
/mnt/ASSAS/upload_test/42bfdef4-caf8-42f1-9fc8-7edc508a4bef,True,/mnt/ASSAS/upload_test/42bfdef4-caf8-42f1-9fc8-7edc508a4bef/upload_info.pickle,0,False
/mnt/ASSAS/upload_test/42c51dc4-4ad8-452c-8cbd-296eb1447f12,True,/mnt/ASSAS/upload_test/42c51dc4-4ad8-452c-8cbd-296eb1447f12/upload_info.pickle,0,False
/mnt/ASSAS/upload_test/4308470b-a1ba-4d0b-a2dc-ea38f96d0222,True,/mnt/ASSAS/upload_test/4308470b-a1ba-4d0b-a2dc-ea38f96d0222/upload_info.pickle,0,False
/mnt/ASSAS/upload_test/432dafbe-754f-49c3-bdbc-627a22170925,True,/mnt/ASSAS/upload_test/432dafbe-754f-49c3-bdbc-627a22170925/upload_info.pickle,0,False
/mnt/ASSAS/upload_test/436c573d-30b9-48c5-b567-bad4b078c6f8,True,/mnt/ASSAS/upload_test/436c573d-30b9-48c5-b567-bad4b078c6f8/upload_info.pickle,0,False
/mnt/ASSAS/upload_test/439c5ac0-b8c7-430a-aea9-d571a176ccf6,True,/mnt/ASSAS/upload_test/439c5ac0-b8c7-430a-aea9-d571a176ccf6/upload_info.pickle,0,False
/mnt/ASSAS/upload_test/43b2a875-c907-4f61-af40-42dfb90fe46a,True,/mnt/ASSAS/upload_test/43b2a875-c907-4f61-af40-42dfb90fe46a/upload_info.pickle,0,False
/mnt/ASSAS/upload_test/43eb2c90-3ec0-438d-a753-d4ed179ece48,True,/mnt/ASSAS/upload_test/43eb2c90-3ec0-438d-a753-d4ed179ece48/upload_info.pickle,0,False
/mnt/ASSAS/upload_test/43ff70ed-78af-434d-a0e9-cbd00fb236a6,True,/mnt/ASSAS/upload_test/43ff70ed-78af-434d-a0e9-cbd00fb236a6/upload_info.pickle,0,False
/mnt/ASSAS/upload_test/440573cf-d347-4325-86b0-23b8cc2e6485,True,/mnt/ASSAS/upload_test/440573cf-d347-4325-86b0-23b8cc2e6485/upload_info.pickle,0,False
/mnt/ASSAS/upload_test/444074e3-f33c-42f6-bc86-35b1004502e7,True,/mnt/ASSAS/upload_test/444074e3-f33c-42f6-bc86-35b1004502e7/upload_info.pickle,0,False
/mnt/ASSAS/upload_test/445bedbc-b7a1-48b2-be71-7a2903e4d410,True,/mnt/ASSAS/upload_test/445bedbc-b7a1-48b2-be71-7a2903e4d410/upload_info.pickle,0,False
/mnt/ASSAS/upload_test/447d605c-e33a-4d30-b94d-9f5216f1a8fd,True,/mnt/ASSAS/upload_test/447d605c-e33a-4d30-b94d-9f5216f1a8fd/upload_info.pickle,0,False
/mnt/ASSAS/upload_test/451312e0-8f25-4431-aad6-2fd58c2cefac,True,/mnt/ASSAS/upload_test/451312e0-8f25-4431-aad6-2fd58c2cefac/upload_info.pickle,0,False
/mnt/ASSAS/upload_test/454caf14-27ef-4f1d-a617-5f12b5e44dda,True,/mnt/ASSAS/upload_test/454caf14-27ef-4f1d-a617-5f12b5e44dda/upload_info.pickle,0,False
/mnt/ASSAS/upload_test/45847ce9-6a9a-4b59-b549-e892e77c0a94,True,/mnt/ASSAS/upload_test/45847ce9-6a9a-4b59-b549-e892e77c0a94/upload_info.pickle,0,False
/mnt/ASSAS/upload_test/459d807f-fa7b-48a6-8803-b08bea342106,True,/mnt/ASSAS/upload_test/459d807f-fa7b-48a6-8803-b08bea342106/upload_info.pickle,0,False
/mnt/ASSAS/upload_test/45c198f2-9a8c-40fe-9cdb-3c1e2b64618c,True,/mnt/ASSAS/upload_test/45c198f2-9a8c-40fe-9cdb-3c1e2b64618c/upload_info.pickle,0,False
/mnt/ASSAS/upload_test/45d37b95-4fa9-4ffc-8a7b-0a95fc2a2c21,True,/mnt/ASSAS/upload_test/45d37b95-4fa9-4ffc-8a7b-0a95fc2a2c21/upload_info.pickle,0,False
/mnt/ASSAS/upload_test/46044d57-7f7a-4ea3-9f04-012ad303e110,True,/mnt/ASSAS/upload_test/46044d57-7f7a-4ea3-9f04-012ad303e110/upload_info.pickle,0,False
/mnt/ASSAS/upload_test/4612ae75-2c3a-4ad6-be0b-23993240c561,True,/mnt/ASSAS/upload_test/4612ae75-2c3a-4ad6-be0b-23993240c561/upload_info.pickle,0,False
/mnt/ASSAS/upload_test/4640dd26-43f1-42b1-b2ba-4a00d6578956,True,/mnt/ASSAS/upload_test/4640dd26-43f1-42b1-b2ba-4a00d6578956/upload_info.pickle,0,False
/mnt/ASSAS/upload_test/4667e52d-a02a-4780-a01c-7eed69287ba1,True,/mnt/ASSAS/upload_test/4667e52d-a02a-4780-a01c-7eed69287ba1/upload_info.pickle,0,False
/mnt/ASSAS/upload_test/466879b3-2c08-4367-a0d1-bb601334423b,True,/mnt/ASSAS/upload_test/466879b3-2c08-4367-a0d1-bb601334423b/upload_info.pickle,0,False
/mnt/ASSAS/upload_test/467b2fd9-a9de-4695-8bf1-6954dc29038f,True,/mnt/ASSAS/upload_test/467b2fd9-a9de-4695-8bf1-6954dc29038f/upload_info.pickle,0,False
/mnt/ASSAS/upload_test/4688f7da-7d6a-4c1e-98c2-618284167cc4,True,/mnt/ASSAS/upload_test/4688f7da-7d6a-4c1e-98c2-618284167cc4/upload_info.pickle,0,False
/mnt/ASSAS/upload_test/46920f9b-c250-4402-8bae-0c5a34d3749d,True,/mnt/ASSAS/upload_test/46920f9b-c250-4402-8bae-0c5a34d3749d/upload_info.pickle,0,False
/mnt/ASSAS/upload_test/469a824d-a6f5-480c-9a2b-8fef1ee815f4,True,/mnt/ASSAS/upload_test/469a824d-a6f5-480c-9a2b-8fef1ee815f4/upload_info.pickle,0,False
/mnt/ASSAS/upload_test/46b5b147-56f6-4d98-955a-1b156587160e,True,/mnt/ASSAS/upload_test/46b5b147-56f6-4d98-955a-1b156587160e/upload_info.pickle,0,False
/mnt/ASSAS/upload_test/46d2b050-d4ef-4a26-9f5f-bc02ee3306d7,True,/mnt/ASSAS/upload_test/46d2b050-d4ef-4a26-9f5f-bc02ee3306d7/upload_info.pickle,0,False
/mnt/ASSAS/upload_test/4710ff20-d108-4046-b5a0-5c2574be4293,True,/mnt/ASSAS/upload_test/4710ff20-d108-4046-b5a0-5c2574be4293/upload_info.pickle,0,False
/mnt/ASSAS/upload_test/4732cb4e-70dd-4f73-8dc1-34842a860a95,True,/mnt/ASSAS/upload_test/4732cb4e-70dd-4f73-8dc1-34842a860a95/upload_info.pickle,0,False
/mnt/ASSAS/upload_test/47d27f9a-e32c-4159-a940-897aa7baa30d,True,/mnt/ASSAS/upload_test/47d27f9a-e32c-4159-a940-897aa7baa30d/upload_info.pickle,0,False
/mnt/ASSAS/upload_test/485d30c4-bdcf-4857-9564-403b48def5f8,True,/mnt/ASSAS/upload_test/485d30c4-bdcf-4857-9564-403b48def5f8/upload_info.pickle,0,False
/mnt/ASSAS/upload_test/488d6810-fee3-498a-881a-b9e0effc5bdc,True,/mnt/ASSAS/upload_test/488d6810-fee3-498a-881a-b9e0effc5bdc/upload_info.pickle,0,False
/mnt/ASSAS/upload_test/48e28b71-1d80-4f29-b510-2d862eee210e,True,/mnt/ASSAS/upload_test/48e28b71-1d80-4f29-b510-2d862eee210e/upload_info.pickle,0,False
/mnt/ASSAS/upload_test/48fd0657-122b-4160-81e1-83537ea32997,True,/mnt/ASSAS/upload_test/48fd0657-122b-4160-81e1-83537ea32997/upload_info.pickle,0,False
/mnt/ASSAS/upload_test/492a8f59-6f5a-4452-ae71-239b9b16385c,True,/mnt/ASSAS/upload_test/492a8f59-6f5a-4452-ae71-239b9b16385c/upload_info.pickle,0,False
/mnt/ASSAS/upload_test/498d68c1-f7dd-4214-928c-b1ebc98c4711,True,/mnt/ASSAS/upload_test/498d68c1-f7dd-4214-928c-b1ebc98c4711/upload_info.pickle,0,False
/mnt/ASSAS/upload_test/499a67ee-4df5-434c-a015-c21d86acba82,True,/mnt/ASSAS/upload_test/499a67ee-4df5-434c-a015-c21d86acba82/upload_info.pickle,0,False
/mnt/ASSAS/upload_test/4a0d934e-4417-4fa4-8984-2cd0123684c1,True,/mnt/ASSAS/upload_test/4a0d934e-4417-4fa4-8984-2cd0123684c1/upload_info.pickle,0,False
/mnt/ASSAS/upload_test/4a1dbae0-24ca-4c52-8db8-611d6ba36828,True,/mnt/ASSAS/upload_test/4a1dbae0-24ca-4c52-8db8-611d6ba36828/upload_info.pickle,0,False
/mnt/ASSAS/upload_test/4a29216f-b321-4481-8601-4681ccdb6e3d,True,/mnt/ASSAS/upload_test/4a29216f-b321-4481-8601-4681ccdb6e3d/upload_info.pickle,0,False
/mnt/ASSAS/upload_test/4a308034-ca93-44f8-94e1-cf1309cc8c2d,True,/mnt/ASSAS/upload_test/4a308034-ca93-44f8-94e1-cf1309cc8c2d/upload_info.pickle,0,False
/mnt/ASSAS/upload_test/4a3fed70-7adc-438b-b9b6-72d76d6db767,True,/mnt/ASSAS/upload_test/4a3fed70-7adc-438b-b9b6-72d76d6db767/upload_info.pickle,0,False
/mnt/ASSAS/upload_test/4a606116-04e1-438c-8f3b-ad3767e2d3de,True,/mnt/ASSAS/upload_test/4a606116-04e1-438c-8f3b-ad3767e2d3de/upload_info.pickle,0,False
/mnt/ASSAS/upload_test/4b8cf0e5-f4f6-40e6-80d3-c9c32d5fd5e9,True,/mnt/ASSAS/upload_test/4b8cf0e5-f4f6-40e6-80d3-c9c32d5fd5e9/upload_info.pickle,0,False
/mnt/ASSAS/upload_test/4b94c2a7-3797-4920-9982-d501713abffe,True,/mnt/ASSAS/upload_test/4b94c2a7-3797-4920-9982-d501713abffe/upload_info.pickle,0,False
/mnt/ASSAS/upload_test/4ba5ba78-bbc0-4632-81e7-cee7777f5850,True,/mnt/ASSAS/upload_test/4ba5ba78-bbc0-4632-81e7-cee7777f5850/upload_info.pickle,0,False
/mnt/ASSAS/upload_test/4baa9174-20ce-4016-9be0-8be4a118d67c,True,/mnt/ASSAS/upload_test/4baa9174-20ce-4016-9be0-8be4a118d67c/upload_info.pickle,0,False
/mnt/ASSAS/upload_test/4bf20e88-2f86-4319-996d-4f3cb6e7cc3d,True,/mnt/ASSAS/upload_test/4bf20e88-2f86-4319-996d-4f3cb6e7cc3d/upload_info.pickle,0,False
/mnt/ASSAS/upload_test/4c31d5bc-e5ed-4c61-ab6f-4e32c97f2366,True,/mnt/ASSAS/upload_test/4c31d5bc-e5ed-4c61-ab6f-4e32c97f2366/upload_info.pickle,0,False
/mnt/ASSAS/upload_test/4c607880-e768-4b5c-add8-bf9e07173d65,True,/mnt/ASSAS/upload_test/4c607880-e768-4b5c-add8-bf9e07173d65/upload_info.pickle,0,False
/mnt/ASSAS/upload_test/4c9a53cb-9075-4cb2-bb28-122f68ad57fd,True,/mnt/ASSAS/upload_test/4c9a53cb-9075-4cb2-bb28-122f68ad57fd/upload_info.pickle,0,False
/mnt/ASSAS/upload_test/4cb0c7f8-5734-4568-abeb-28186bac5a84,True,/mnt/ASSAS/upload_test/4cb0c7f8-5734-4568-abeb-28186bac5a84/upload_info.pickle,0,False
/mnt/ASSAS/upload_test/4cc4a975-ddff-40cf-a7f5-05f60620fffe,True,/mnt/ASSAS/upload_test/4cc4a975-ddff-40cf-a7f5-05f60620fffe/upload_info.pickle,0,False
/mnt/ASSAS/upload_test/4d112564-dda0-4495-9f5e-40236deed041,True,/mnt/ASSAS/upload_test/4d112564-dda0-4495-9f5e-40236deed041/upload_info.pickle,0,False
/mnt/ASSAS/upload_test/4d6a6e89-47c2-43eb-a40c-6977d6f1d0ad,True,/mnt/ASSAS/upload_test/4d6a6e89-47c2-43eb-a40c-6977d6f1d0ad/upload_info.pickle,0,False
/mnt/ASSAS/upload_test/4d7a2120-54f4-443a-90ec-49e121787e98,True,/mnt/ASSAS/upload_test/4d7a2120-54f4-443a-90ec-49e121787e98/upload_info.pickle,0,False
/mnt/ASSAS/upload_test/4db04da0-f9e5-48a3-b63c-5818f46de370,True,/mnt/ASSAS/upload_test/4db04da0-f9e5-48a3-b63c-5818f46de370/upload_info.pickle,0,False
/mnt/ASSAS/upload_test/4df323cf-726e-4701-8e76-cc6f3f25fb2d,True,/mnt/ASSAS/upload_test/4df323cf-726e-4701-8e76-cc6f3f25fb2d/upload_info.pickle,0,False
/mnt/ASSAS/upload_test/4e135b68-523a-4b0d-a86c-dd02fda427b7,True,/mnt/ASSAS/upload_test/4e135b68-523a-4b0d-a86c-dd02fda427b7/upload_info.pickle,0,False
/mnt/ASSAS/upload_test/4e72c2ac-7031-4590-b556-d60247df1e3d,True,/mnt/ASSAS/upload_test/4e72c2ac-7031-4590-b556-d60247df1e3d/upload_info.pickle,0,False
/mnt/ASSAS/upload_test/4e900163-b533-4c1e-a050-e6b38a35d753,True,/mnt/ASSAS/upload_test/4e900163-b533-4c1e-a050-e6b38a35d753/upload_info.pickle,0,False
/mnt/ASSAS/upload_test/4e9cf26e-9173-423a-971f-2d5e432c8487,True,/mnt/ASSAS/upload_test/4e9cf26e-9173-423a-971f-2d5e432c8487/upload_info.pickle,0,False
/mnt/ASSAS/upload_test/4eba9615-0dfd-4754-99f8-f4edb33aeaa4,True,/mnt/ASSAS/upload_test/4eba9615-0dfd-4754-99f8-f4edb33aeaa4/upload_info.pickle,0,False
/mnt/ASSAS/upload_test/4f1122c4-3c98-471f-94d1-00b05c30337c,True,/mnt/ASSAS/upload_test/4f1122c4-3c98-471f-94d1-00b05c30337c/upload_info.pickle,0,False
/mnt/ASSAS/upload_test/4f217708-81ab-41d5-a549-abfef4732d4d,True,/mnt/ASSAS/upload_test/4f217708-81ab-41d5-a549-abfef4732d4d/upload_info.pickle,0,False
/mnt/ASSAS/upload_test/4f2b98f9-0eee-4a08-95ee-cd31c4fdc956,True,/mnt/ASSAS/upload_test/4f2b98f9-0eee-4a08-95ee-cd31c4fdc956/upload_info.pickle,0,False
/mnt/ASSAS/upload_test/4f351388-d87e-462e-80d2-8af24b5f43d2,True,/mnt/ASSAS/upload_test/4f351388-d87e-462e-80d2-8af24b5f43d2/upload_info.pickle,0,False
/mnt/ASSAS/upload_test/4f53d50b-4236-409a-b114-a0e40ebd63d3,True,/mnt/ASSAS/upload_test/4f53d50b-4236-409a-b114-a0e40ebd63d3/upload_info.pickle,0,False
/mnt/ASSAS/upload_test/4f9473a8-a2b5-492c-8386-5f2d85aaf92f,True,/mnt/ASSAS/upload_test/4f9473a8-a2b5-492c-8386-5f2d85aaf92f/upload_info.pickle,0,False
/mnt/ASSAS/upload_test/4fd1c38a-0e1c-4d15-a5c8-d0f49d8c329f,True,/mnt/ASSAS/upload_test/4fd1c38a-0e1c-4d15-a5c8-d0f49d8c329f/upload_info.pickle,0,False
/mnt/ASSAS/upload_test/4fd943aa-519e-47d0-b50d-3e1673a01af0,True,/mnt/ASSAS/upload_test/4fd943aa-519e-47d0-b50d-3e1673a01af0/upload_info.pickle,0,False
/mnt/ASSAS/upload_test/4ff9096b-4860-464a-b494-a91312a9b917,True,/mnt/ASSAS/upload_test/4ff9096b-4860-464a-b494-a91312a9b917/upload_info.pickle,0,False
/mnt/ASSAS/upload_test/5018ad8b-78f6-42cd-8097-41d38334658d,True,/mnt/ASSAS/upload_test/5018ad8b-78f6-42cd-8097-41d38334658d/upload_info.pickle,0,False
/mnt/ASSAS/upload_test/5021ae82-b954-4175-bdb2-1cf498966601,True,/mnt/ASSAS/upload_test/5021ae82-b954-4175-bdb2-1cf498966601/upload_info.pickle,0,False
/mnt/ASSAS/upload_test/50560ee4-3386-4169-b97e-aabf613bf519,True,/mnt/ASSAS/upload_test/50560ee4-3386-4169-b97e-aabf613bf519/upload_info.pickle,0,False
/mnt/ASSAS/upload_test/50635229-d975-4e23-8c7e-007290f4ce7d,True,/mnt/ASSAS/upload_test/50635229-d975-4e23-8c7e-007290f4ce7d/upload_info.pickle,0,False
/mnt/ASSAS/upload_test/5087af3d-fbb5-4fad-b2c1-f1ef9f1489f0,True,/mnt/ASSAS/upload_test/5087af3d-fbb5-4fad-b2c1-f1ef9f1489f0/upload_info.pickle,0,False
/mnt/ASSAS/upload_test/509ada88-277d-491d-8a5f-a94cb0b59697,True,/mnt/ASSAS/upload_test/509ada88-277d-491d-8a5f-a94cb0b59697/upload_info.pickle,0,False
/mnt/ASSAS/upload_test/50d897d2-e1c0-4a48-b233-0ad16e4b63a7,True,/mnt/ASSAS/upload_test/50d897d2-e1c0-4a48-b233-0ad16e4b63a7/upload_info.pickle,0,False
/mnt/ASSAS/upload_test/50eb5363-dc57-403c-8977-2f41cd17318d,True,/mnt/ASSAS/upload_test/50eb5363-dc57-403c-8977-2f41cd17318d/upload_info.pickle,0,False
/mnt/ASSAS/upload_test/51230017-75b8-4735-a2a4-74b37903a84f,True,/mnt/ASSAS/upload_test/51230017-75b8-4735-a2a4-74b37903a84f/upload_info.pickle,0,False
/mnt/ASSAS/upload_test/515db53f-8779-426f-96f6-69757ddabe25,True,/mnt/ASSAS/upload_test/515db53f-8779-426f-96f6-69757ddabe25/upload_info.pickle,0,False
/mnt/ASSAS/upload_test/519668bf-1617-4833-a145-e71a80f5dd20,True,/mnt/ASSAS/upload_test/519668bf-1617-4833-a145-e71a80f5dd20/upload_info.pickle,0,False
/mnt/ASSAS/upload_test/52041603-46eb-4e36-91fe-13f5ef35ffe3,True,/mnt/ASSAS/upload_test/52041603-46eb-4e36-91fe-13f5ef35ffe3/upload_info.pickle,0,False
/mnt/ASSAS/upload_test/5208ea87-e204-4cdb-94d2-9949c2379b69,True,/mnt/ASSAS/upload_test/5208ea87-e204-4cdb-94d2-9949c2379b69/upload_info.pickle,0,False
/mnt/ASSAS/upload_test/520c357a-b07f-4acb-aad1-06d3109b1493,True,/mnt/ASSAS/upload_test/520c357a-b07f-4acb-aad1-06d3109b1493/upload_info.pickle,0,False
/mnt/ASSAS/upload_test/522df0dc-d80d-4b69-bc0e-000e981117cb,True,/mnt/ASSAS/upload_test/522df0dc-d80d-4b69-bc0e-000e981117cb/upload_info.pickle,0,False
/mnt/ASSAS/upload_test/5243b2b6-e299-4f7e-97ca-c9226f5251e9,True,/mnt/ASSAS/upload_test/5243b2b6-e299-4f7e-97ca-c9226f5251e9/upload_info.pickle,0,False
/mnt/ASSAS/upload_test/524c2e43-77ab-486f-b011-633bd190fc65,True,/mnt/ASSAS/upload_test/524c2e43-77ab-486f-b011-633bd190fc65/upload_info.pickle,0,False
/mnt/ASSAS/upload_test/52934caf-813a-4979-8611-db62135990cb,True,/mnt/ASSAS/upload_test/52934caf-813a-4979-8611-db62135990cb/upload_info.pickle,0,False
/mnt/ASSAS/upload_test/529e9104-c658-4c7d-aad2-81fe1203f03a,True,/mnt/ASSAS/upload_test/529e9104-c658-4c7d-aad2-81fe1203f03a/upload_info.pickle,0,False
/mnt/ASSAS/upload_test/52f20d20-7c29-44f2-ad62-d6027149b651,True,/mnt/ASSAS/upload_test/52f20d20-7c29-44f2-ad62-d6027149b651/upload_info.pickle,0,False
/mnt/ASSAS/upload_test/53078654-60b4-4db8-9111-89eddcab93f4,True,/mnt/ASSAS/upload_test/53078654-60b4-4db8-9111-89eddcab93f4/upload_info.pickle,0,False
/mnt/ASSAS/upload_test/530fe59d-b221-493d-a887-c60854ef22d7,True,/mnt/ASSAS/upload_test/530fe59d-b221-493d-a887-c60854ef22d7/upload_info.pickle,0,False
/mnt/ASSAS/upload_test/5393ab05-6244-4695-a443-0315d1718aab,True,/mnt/ASSAS/upload_test/5393ab05-6244-4695-a443-0315d1718aab/upload_info.pickle,0,False
/mnt/ASSAS/upload_test/541f9c7b-29c4-4970-a1da-1c7c1874f51a,True,/mnt/ASSAS/upload_test/541f9c7b-29c4-4970-a1da-1c7c1874f51a/upload_info.pickle,0,False
/mnt/ASSAS/upload_test/542072d3-236b-4a15-a738-923a90288730,True,/mnt/ASSAS/upload_test/542072d3-236b-4a15-a738-923a90288730/upload_info.pickle,0,False
/mnt/ASSAS/upload_test/54207db0-aceb-4593-ab8f-2e2d5f02ea25,True,/mnt/ASSAS/upload_test/54207db0-aceb-4593-ab8f-2e2d5f02ea25/upload_info.pickle,0,False
/mnt/ASSAS/upload_test/54208323-60cd-4407-84ea-83498aff55cd,True,/mnt/ASSAS/upload_test/54208323-60cd-4407-84ea-83498aff55cd/upload_info.pickle,0,False
/mnt/ASSAS/upload_test/5490061e-66d3-4e79-bb7d-4c9a14154330,True,/mnt/ASSAS/upload_test/5490061e-66d3-4e79-bb7d-4c9a14154330/upload_info.pickle,0,False
/mnt/ASSAS/upload_test/54c5d5fc-beb0-4609-bcdc-3a37ae57a3ce,True,/mnt/ASSAS/upload_test/54c5d5fc-beb0-4609-bcdc-3a37ae57a3ce/upload_info.pickle,0,False
/mnt/ASSAS/upload_test/54e126d0-0896-4676-a509-39e0651c00c9,True,/mnt/ASSAS/upload_test/54e126d0-0896-4676-a509-39e0651c00c9/upload_info.pickle,0,False
/mnt/ASSAS/upload_test/55069ef7-8f01-4203-a6b0-d52c33429f32,True,/mnt/ASSAS/upload_test/55069ef7-8f01-4203-a6b0-d52c33429f32/upload_info.pickle,0,False
/mnt/ASSAS/upload_test/5529ae2f-317c-4985-bb9c-e95c97b318c7,True,/mnt/ASSAS/upload_test/5529ae2f-317c-4985-bb9c-e95c97b318c7/upload_info.pickle,0,False
/mnt/ASSAS/upload_test/555ce7cf-b5c8-4867-aabc-9a05665c08e9,True,/mnt/ASSAS/upload_test/555ce7cf-b5c8-4867-aabc-9a05665c08e9/upload_info.pickle,0,False
/mnt/ASSAS/upload_test/556aca12-54f6-4f44-a6a7-a6d5d3bcf550,True,/mnt/ASSAS/upload_test/556aca12-54f6-4f44-a6a7-a6d5d3bcf550/upload_info.pickle,0,False
/mnt/ASSAS/upload_test/5587cd0f-dca2-4598-af59-71719d91d5d5,True,/mnt/ASSAS/upload_test/5587cd0f-dca2-4598-af59-71719d91d5d5/upload_info.pickle,0,False
/mnt/ASSAS/upload_test/55dec022-48ba-4c19-b3a4-85f09d562f4d,True,/mnt/ASSAS/upload_test/55dec022-48ba-4c19-b3a4-85f09d562f4d/upload_info.pickle,0,False
/mnt/ASSAS/upload_test/561a84d9-74d3-4922-8596-e5914076678b,True,/mnt/ASSAS/upload_test/561a84d9-74d3-4922-8596-e5914076678b/upload_info.pickle,0,False
/mnt/ASSAS/upload_test/564cb477-3d10-4297-b4c4-1f699c44d3e0,True,/mnt/ASSAS/upload_test/564cb477-3d10-4297-b4c4-1f699c44d3e0/upload_info.pickle,0,False
/mnt/ASSAS/upload_test/565e11f2-38d2-4251-8e39-611f659a1ec2,True,/mnt/ASSAS/upload_test/565e11f2-38d2-4251-8e39-611f659a1ec2/upload_info.pickle,0,False
/mnt/ASSAS/upload_test/56863508-e278-4baf-afc3-4b1843a1ef55,True,/mnt/ASSAS/upload_test/56863508-e278-4baf-afc3-4b1843a1ef55/upload_info.pickle,0,False
/mnt/ASSAS/upload_test/56a35b7d-e2c3-45ec-9de8-5985178eee2b,True,/mnt/ASSAS/upload_test/56a35b7d-e2c3-45ec-9de8-5985178eee2b/upload_info.pickle,0,False
/mnt/ASSAS/upload_test/56a579e0-9126-4e1e-a624-c59631c58d4e,True,/mnt/ASSAS/upload_test/56a579e0-9126-4e1e-a624-c59631c58d4e/upload_info.pickle,0,False
/mnt/ASSAS/upload_test/56ff6f79-35c4-411b-afaf-fba852ca9f1d,True,/mnt/ASSAS/upload_test/56ff6f79-35c4-411b-afaf-fba852ca9f1d/upload_info.pickle,0,False
/mnt/ASSAS/upload_test/57178192-8f10-41e2-b50a-abc2aff05b9c,True,/mnt/ASSAS/upload_test/57178192-8f10-41e2-b50a-abc2aff05b9c/upload_info.pickle,0,False
/mnt/ASSAS/upload_test/5787753b-5415-4691-b4da-748920847b1a,True,/mnt/ASSAS/upload_test/5787753b-5415-4691-b4da-748920847b1a/upload_info.pickle,0,False
/mnt/ASSAS/upload_test/57b576c7-ebe1-4e32-b738-f7356adae4e2,True,/mnt/ASSAS/upload_test/57b576c7-ebe1-4e32-b738-f7356adae4e2/upload_info.pickle,0,False
/mnt/ASSAS/upload_test/57fda822-bc07-484d-9da1-cd87d22a42b8,True,/mnt/ASSAS/upload_test/57fda822-bc07-484d-9da1-cd87d22a42b8/upload_info.pickle,0,False
/mnt/ASSAS/upload_test/580da121-6650-4e77-b8e0-9eed6a6fb966,True,/mnt/ASSAS/upload_test/580da121-6650-4e77-b8e0-9eed6a6fb966/upload_info.pickle,0,False
/mnt/ASSAS/upload_test/5820e49f-1a51-43aa-9898-7afeea5ce95b,True,/mnt/ASSAS/upload_test/5820e49f-1a51-43aa-9898-7afeea5ce95b/upload_info.pickle,0,False
/mnt/ASSAS/upload_test/589d8d14-4c59-497e-8e86-f61ba5e004b2,True,/mnt/ASSAS/upload_test/589d8d14-4c59-497e-8e86-f61ba5e004b2/upload_info.pickle,0,False
/mnt/ASSAS/upload_test/58dce83b-e5d4-42b3-9525-049f8c21ea38,True,/mnt/ASSAS/upload_test/58dce83b-e5d4-42b3-9525-049f8c21ea38/upload_info.pickle,0,False
/mnt/ASSAS/upload_test/58eab283-3b66-434a-b680-4d77020a1f66,True,/mnt/ASSAS/upload_test/58eab283-3b66-434a-b680-4d77020a1f66/upload_info.pickle,0,False
/mnt/ASSAS/upload_test/5929ab98-1177-41bd-bcc8-e459130869b0,True,/mnt/ASSAS/upload_test/5929ab98-1177-41bd-bcc8-e459130869b0/upload_info.pickle,0,False
/mnt/ASSAS/upload_test/5932e892-d35a-4311-a024-9cbe2c006db0,True,/mnt/ASSAS/upload_test/5932e892-d35a-4311-a024-9cbe2c006db0/upload_info.pickle,0,False
/mnt/ASSAS/upload_test/5939a246-2957-46f1-97f7-3683f349ce9a,True,/mnt/ASSAS/upload_test/5939a246-2957-46f1-97f7-3683f349ce9a/upload_info.pickle,0,False
/mnt/ASSAS/upload_test/594b1227-f39c-4d86-a7b1-7c380738daf6,True,/mnt/ASSAS/upload_test/594b1227-f39c-4d86-a7b1-7c380738daf6/upload_info.pickle,0,False
/mnt/ASSAS/upload_test/595e8a0b-c5d9-4172-b717-ce6a6d995faf,True,/mnt/ASSAS/upload_test/595e8a0b-c5d9-4172-b717-ce6a6d995faf/upload_info.pickle,0,False
/mnt/ASSAS/upload_test/5965df01-f006-4fe1-8e75-228682266fdc,True,/mnt/ASSAS/upload_test/5965df01-f006-4fe1-8e75-228682266fdc/upload_info.pickle,0,False
/mnt/ASSAS/upload_test/59ca0ec3-0c20-4fec-a2ce-d958825a92fe,True,/mnt/ASSAS/upload_test/59ca0ec3-0c20-4fec-a2ce-d958825a92fe/upload_info.pickle,0,False
/mnt/ASSAS/upload_test/59f57959-b69b-4092-bfbb-2c957882c47d,True,/mnt/ASSAS/upload_test/59f57959-b69b-4092-bfbb-2c957882c47d/upload_info.pickle,0,False
/mnt/ASSAS/upload_test/5a3218fb-3a5f-4b82-aced-f991ce0861b7,True,/mnt/ASSAS/upload_test/5a3218fb-3a5f-4b82-aced-f991ce0861b7/upload_info.pickle,0,False
/mnt/ASSAS/upload_test/5a4e036a-4cbc-4233-b7fc-6de9d44066d4,True,/mnt/ASSAS/upload_test/5a4e036a-4cbc-4233-b7fc-6de9d44066d4/upload_info.pickle,0,False
/mnt/ASSAS/upload_test/5a7df93c-41b9-440d-a9e4-133c6596d9c6,True,/mnt/ASSAS/upload_test/5a7df93c-41b9-440d-a9e4-133c6596d9c6/upload_info.pickle,0,False
/mnt/ASSAS/upload_test/5a855a49-6122-44fa-ba8f-a8584c2be8fc,True,/mnt/ASSAS/upload_test/5a855a49-6122-44fa-ba8f-a8584c2be8fc/upload_info.pickle,0,False
/mnt/ASSAS/upload_test/5a8a01d4-2165-4722-961a-cb5d0ef14a92,True,/mnt/ASSAS/upload_test/5a8a01d4-2165-4722-961a-cb5d0ef14a92/upload_info.pickle,0,False
/mnt/ASSAS/upload_test/5ab969b9-2ec8-4111-ab8d-aabf91eaa984,True,/mnt/ASSAS/upload_test/5ab969b9-2ec8-4111-ab8d-aabf91eaa984/upload_info.pickle,0,False
/mnt/ASSAS/upload_test/5ad5c9e0-b634-49fe-8f82-c372340f74ae,True,/mnt/ASSAS/upload_test/5ad5c9e0-b634-49fe-8f82-c372340f74ae/upload_info.pickle,0,False
/mnt/ASSAS/upload_test/5b6c695d-58ee-4201-89e1-9bfa36588699,True,/mnt/ASSAS/upload_test/5b6c695d-58ee-4201-89e1-9bfa36588699/upload_info.pickle,0,False
/mnt/ASSAS/upload_test/5ba0f36c-c5e8-4caa-a796-e8906d107f1e,True,/mnt/ASSAS/upload_test/5ba0f36c-c5e8-4caa-a796-e8906d107f1e/upload_info.pickle,0,False
/mnt/ASSAS/upload_test/5bc77f9b-89b0-456c-850d-2681b8e81828,True,/mnt/ASSAS/upload_test/5bc77f9b-89b0-456c-850d-2681b8e81828/upload_info.pickle,0,False
/mnt/ASSAS/upload_test/5c08ba8c-9c6b-4f06-84ee-45e7641ce5ca,True,/mnt/ASSAS/upload_test/5c08ba8c-9c6b-4f06-84ee-45e7641ce5ca/upload_info.pickle,0,False
/mnt/ASSAS/upload_test/5c3ef0ce-7379-4f5a-a626-3074d82f9927,True,/mnt/ASSAS/upload_test/5c3ef0ce-7379-4f5a-a626-3074d82f9927/upload_info.pickle,0,False
/mnt/ASSAS/upload_test/5c6d1fe4-d253-4495-bd12-0434a2782146,True,/mnt/ASSAS/upload_test/5c6d1fe4-d253-4495-bd12-0434a2782146/upload_info.pickle,0,False
/mnt/ASSAS/upload_test/5c7d2fdf-1242-42fa-b18b-bfcbd3270c06,True,/mnt/ASSAS/upload_test/5c7d2fdf-1242-42fa-b18b-bfcbd3270c06/upload_info.pickle,0,False
/mnt/ASSAS/upload_test/5c92aa0b-e685-4609-a165-f7ddecd3ddf4,True,/mnt/ASSAS/upload_test/5c92aa0b-e685-4609-a165-f7ddecd3ddf4/upload_info.pickle,0,False
/mnt/ASSAS/upload_test/5cb006d9-ab1b-4f96-a506-e536f238edfa,True,/mnt/ASSAS/upload_test/5cb006d9-ab1b-4f96-a506-e536f238edfa/upload_info.pickle,0,False
/mnt/ASSAS/upload_test/5d09683a-4d9f-42b3-8f08-59f1649762af,True,/mnt/ASSAS/upload_test/5d09683a-4d9f-42b3-8f08-59f1649762af/upload_info.pickle,0,False
/mnt/ASSAS/upload_test/5d14d3ef-7d0c-476c-a0dd-5211bbf66c44,True,/mnt/ASSAS/upload_test/5d14d3ef-7d0c-476c-a0dd-5211bbf66c44/upload_info.pickle,0,False
/mnt/ASSAS/upload_test/5d276d37-3604-4a23-aaa0-0bf70c0e05b0,True,/mnt/ASSAS/upload_test/5d276d37-3604-4a23-aaa0-0bf70c0e05b0/upload_info.pickle,0,False
/mnt/ASSAS/upload_test/5d9f752f-c438-412a-be56-22681ad3e01c,True,/mnt/ASSAS/upload_test/5d9f752f-c438-412a-be56-22681ad3e01c/upload_info.pickle,0,False
/mnt/ASSAS/upload_test/5daaf30d-5f87-44cc-a67d-570ec54ad42a,True,/mnt/ASSAS/upload_test/5daaf30d-5f87-44cc-a67d-570ec54ad42a/upload_info.pickle,0,False
/mnt/ASSAS/upload_test/5e265395-d8bf-44e4-b4b3-1ab0a3d52a1a,True,/mnt/ASSAS/upload_test/5e265395-d8bf-44e4-b4b3-1ab0a3d52a1a/upload_info.pickle,0,False
/mnt/ASSAS/upload_test/5e331702-e69a-452b-a280-2b59d8df1e3e,True,/mnt/ASSAS/upload_test/5e331702-e69a-452b-a280-2b59d8df1e3e/upload_info.pickle,0,False
/mnt/ASSAS/upload_test/5e61339e-420b-4285-b9a9-b9be5f19de14,True,/mnt/ASSAS/upload_test/5e61339e-420b-4285-b9a9-b9be5f19de14/upload_info.pickle,0,False
/mnt/ASSAS/upload_test/5e65a412-1396-4621-8916-bf4097139474,True,/mnt/ASSAS/upload_test/5e65a412-1396-4621-8916-bf4097139474/upload_info.pickle,0,False
/mnt/ASSAS/upload_test/5e7a77dc-943b-4a29-94ce-f665f5b6c868,True,/mnt/ASSAS/upload_test/5e7a77dc-943b-4a29-94ce-f665f5b6c868/upload_info.pickle,0,False
/mnt/ASSAS/upload_test/5e7d789d-4617-4432-91ba-73fd5dd4750f,True,/mnt/ASSAS/upload_test/5e7d789d-4617-4432-91ba-73fd5dd4750f/upload_info.pickle,0,False
/mnt/ASSAS/upload_test/5e9cfcf5-8065-479b-ac6e-abb75eacfb3c,True,/mnt/ASSAS/upload_test/5e9cfcf5-8065-479b-ac6e-abb75eacfb3c/upload_info.pickle,0,False
/mnt/ASSAS/upload_test/5ed4ac0a-4a0c-4753-8fb6-df6fff168638,True,/mnt/ASSAS/upload_test/5ed4ac0a-4a0c-4753-8fb6-df6fff168638/upload_info.pickle,0,False
/mnt/ASSAS/upload_test/5f037562-3114-4bb1-b43e-6e850d1c8797,True,/mnt/ASSAS/upload_test/5f037562-3114-4bb1-b43e-6e850d1c8797/upload_info.pickle,0,False
/mnt/ASSAS/upload_test/5f11a544-91ca-4960-98a4-cf27abf9995e,True,/mnt/ASSAS/upload_test/5f11a544-91ca-4960-98a4-cf27abf9995e/upload_info.pickle,0,False
/mnt/ASSAS/upload_test/5f38065d-0e36-431d-a7ba-64d00de36e3d,True,/mnt/ASSAS/upload_test/5f38065d-0e36-431d-a7ba-64d00de36e3d/upload_info.pickle,0,False
/mnt/ASSAS/upload_test/5f4291cc-d85f-43f1-b998-411112ecd2e6,True,/mnt/ASSAS/upload_test/5f4291cc-d85f-43f1-b998-411112ecd2e6/upload_info.pickle,0,False
/mnt/ASSAS/upload_test/5f475ba9-7d29-4c0b-b592-5fff9e4fa587,True,/mnt/ASSAS/upload_test/5f475ba9-7d29-4c0b-b592-5fff9e4fa587/upload_info.pickle,0,False
/mnt/ASSAS/upload_test/5f70fd54-5c30-4fd7-b10c-5b9ea3196a3b,True,/mnt/ASSAS/upload_test/5f70fd54-5c30-4fd7-b10c-5b9ea3196a3b/upload_info.pickle,0,False
/mnt/ASSAS/upload_test/5f74064a-d7e0-4913-a89c-d6b040b45af8,True,/mnt/ASSAS/upload_test/5f74064a-d7e0-4913-a89c-d6b040b45af8/upload_info.pickle,0,False
/mnt/ASSAS/upload_test/5f9fb4ed-be45-4615-b101-282812a29138,True,/mnt/ASSAS/upload_test/5f9fb4ed-be45-4615-b101-282812a29138/upload_info.pickle,0,False
/mnt/ASSAS/upload_test/5fb64194-a4e0-4414-b77b-4b9b30be8ef4,True,/mnt/ASSAS/upload_test/5fb64194-a4e0-4414-b77b-4b9b30be8ef4/upload_info.pickle,0,False
/mnt/ASSAS/upload_test/5fd86644-3343-4bd4-9c9a-9d6ed18ed3a7,True,/mnt/ASSAS/upload_test/5fd86644-3343-4bd4-9c9a-9d6ed18ed3a7/upload_info.pickle,0,False
/mnt/ASSAS/upload_test/5fe799a6-c52a-45e6-a685-82eb579258af,True,/mnt/ASSAS/upload_test/5fe799a6-c52a-45e6-a685-82eb579258af/upload_info.pickle,0,False
/mnt/ASSAS/upload_test/60003ae9-a62c-4e5e-954e-d9cfb2edc3a6,True,/mnt/ASSAS/upload_test/60003ae9-a62c-4e5e-954e-d9cfb2edc3a6/upload_info.pickle,0,False
/mnt/ASSAS/upload_test/6041bd62-68c9-4dcb-9d15-447c4872968b,True,/mnt/ASSAS/upload_test/6041bd62-68c9-4dcb-9d15-447c4872968b/upload_info.pickle,0,False
/mnt/ASSAS/upload_test/60459829-9df5-485a-9b5e-1b31e7ab6cfb,True,/mnt/ASSAS/upload_test/60459829-9df5-485a-9b5e-1b31e7ab6cfb/upload_info.pickle,0,False
/mnt/ASSAS/upload_test/60896a34-0f8c-4b44-ac88-0f0ca1beb1c7,True,/mnt/ASSAS/upload_test/60896a34-0f8c-4b44-ac88-0f0ca1beb1c7/upload_info.pickle,0,False
/mnt/ASSAS/upload_test/60c30504-773f-4512-81de-62d2efc75e2a,True,/mnt/ASSAS/upload_test/60c30504-773f-4512-81de-62d2efc75e2a/upload_info.pickle,0,False
/mnt/ASSAS/upload_test/60fb0a3d-834e-47f7-be94-8a2206235ee0,True,/mnt/ASSAS/upload_test/60fb0a3d-834e-47f7-be94-8a2206235ee0/upload_info.pickle,0,False
/mnt/ASSAS/upload_test/610b0c64-fafe-49e7-a79a-da0a952a7e6a,True,/mnt/ASSAS/upload_test/610b0c64-fafe-49e7-a79a-da0a952a7e6a/upload_info.pickle,0,False
/mnt/ASSAS/upload_test/614a5037-9c61-403b-8be5-e87761a0be48,True,/mnt/ASSAS/upload_test/614a5037-9c61-403b-8be5-e87761a0be48/upload_info.pickle,0,False
/mnt/ASSAS/upload_test/614e5d4f-2545-4a21-97c6-ed74bee63896,True,/mnt/ASSAS/upload_test/614e5d4f-2545-4a21-97c6-ed74bee63896/upload_info.pickle,0,False
/mnt/ASSAS/upload_test/6160446c-7a1e-4ce4-9b3c-63820c6e250f,True,/mnt/ASSAS/upload_test/6160446c-7a1e-4ce4-9b3c-63820c6e250f/upload_info.pickle,0,False
/mnt/ASSAS/upload_test/6224969a-7846-4df3-8306-a3a1a2652620,True,/mnt/ASSAS/upload_test/6224969a-7846-4df3-8306-a3a1a2652620/upload_info.pickle,0,False
/mnt/ASSAS/upload_test/6224ca21-7081-445c-8560-2c8e490cb483,True,/mnt/ASSAS/upload_test/6224ca21-7081-445c-8560-2c8e490cb483/upload_info.pickle,0,False
/mnt/ASSAS/upload_test/6267c415-ed06-4ee2-841a-48e3d736a160,True,/mnt/ASSAS/upload_test/6267c415-ed06-4ee2-841a-48e3d736a160/upload_info.pickle,0,False
/mnt/ASSAS/upload_test/626e91f0-1547-4baa-9687-51ac6cbd2871,True,/mnt/ASSAS/upload_test/626e91f0-1547-4baa-9687-51ac6cbd2871/upload_info.pickle,0,False
/mnt/ASSAS/upload_test/62c3e7b2-2983-4711-ae57-931fe634579d,True,/mnt/ASSAS/upload_test/62c3e7b2-2983-4711-ae57-931fe634579d/upload_info.pickle,0,False
/mnt/ASSAS/upload_test/62d10232-9b41-44c7-bb11-b1ec26deedfa,True,/mnt/ASSAS/upload_test/62d10232-9b41-44c7-bb11-b1ec26deedfa/upload_info.pickle,0,False
/mnt/ASSAS/upload_test/6362657f-6a3a-414a-a9e1-c269fb8d6052,True,/mnt/ASSAS/upload_test/6362657f-6a3a-414a-a9e1-c269fb8d6052/upload_info.pickle,0,False
/mnt/ASSAS/upload_test/63efb63b-6c51-4f0c-8c83-216094188f93,True,/mnt/ASSAS/upload_test/63efb63b-6c51-4f0c-8c83-216094188f93/upload_info.pickle,0,False
/mnt/ASSAS/upload_test/63f3bb54-052a-438d-b293-7b49a6b39a05,True,/mnt/ASSAS/upload_test/63f3bb54-052a-438d-b293-7b49a6b39a05/upload_info.pickle,0,False
/mnt/ASSAS/upload_test/63fac390-312b-48d3-8216-bcf1979356f7,True,/mnt/ASSAS/upload_test/63fac390-312b-48d3-8216-bcf1979356f7/upload_info.pickle,0,False
/mnt/ASSAS/upload_test/63feb2e9-4bc4-42c9-9f26-f35a79702c2a,True,/mnt/ASSAS/upload_test/63feb2e9-4bc4-42c9-9f26-f35a79702c2a/upload_info.pickle,0,False
/mnt/ASSAS/upload_test/64200998-74b2-4b09-971d-a640e90ab8d1,True,/mnt/ASSAS/upload_test/64200998-74b2-4b09-971d-a640e90ab8d1/upload_info.pickle,0,False
/mnt/ASSAS/upload_test/64637290-9c22-4888-8952-8de0e656e355,True,/mnt/ASSAS/upload_test/64637290-9c22-4888-8952-8de0e656e355/upload_info.pickle,0,False
/mnt/ASSAS/upload_test/64986091-17be-4e6e-ab86-336af861860f,True,/mnt/ASSAS/upload_test/64986091-17be-4e6e-ab86-336af861860f/upload_info.pickle,0,False
/mnt/ASSAS/upload_test/64db89fa-e4eb-48e4-8845-30d0daf656c3,True,/mnt/ASSAS/upload_test/64db89fa-e4eb-48e4-8845-30d0daf656c3/upload_info.pickle,0,False
/mnt/ASSAS/upload_test/65591dc4-3b1a-4481-a928-eb27e169d9d9,True,/mnt/ASSAS/upload_test/65591dc4-3b1a-4481-a928-eb27e169d9d9/upload_info.pickle,0,False
/mnt/ASSAS/upload_test/65673b60-51d8-45ff-83d0-4e84dd7bf283,True,/mnt/ASSAS/upload_test/65673b60-51d8-45ff-83d0-4e84dd7bf283/upload_info.pickle,0,False
/mnt/ASSAS/upload_test/65bdf49a-b684-445e-b6c0-53b9084ee211,True,/mnt/ASSAS/upload_test/65bdf49a-b684-445e-b6c0-53b9084ee211/upload_info.pickle,0,False
/mnt/ASSAS/upload_test/65eb5d92-238d-4edf-aeb5-2c6d622e23b5,True,/mnt/ASSAS/upload_test/65eb5d92-238d-4edf-aeb5-2c6d622e23b5/upload_info.pickle,0,False
/mnt/ASSAS/upload_test/65ebbf96-12fc-4b35-bf30-43799c9c5f0b,True,/mnt/ASSAS/upload_test/65ebbf96-12fc-4b35-bf30-43799c9c5f0b/upload_info.pickle,0,False
/mnt/ASSAS/upload_test/66107a10-b886-4414-875e-5700e8f42050,True,/mnt/ASSAS/upload_test/66107a10-b886-4414-875e-5700e8f42050/upload_info.pickle,0,False
/mnt/ASSAS/upload_test/6615a6b7-f04f-43f9-8bb0-3f50e959f790,True,/mnt/ASSAS/upload_test/6615a6b7-f04f-43f9-8bb0-3f50e959f790/upload_info.pickle,0,False
/mnt/ASSAS/upload_test/66a4b873-1ef7-4a8c-92e5-f08a5e190528,True,/mnt/ASSAS/upload_test/66a4b873-1ef7-4a8c-92e5-f08a5e190528/upload_info.pickle,0,False
/mnt/ASSAS/upload_test/673d8547-4426-4686-a935-86f55c087bb1,True,/mnt/ASSAS/upload_test/673d8547-4426-4686-a935-86f55c087bb1/upload_info.pickle,0,False
/mnt/ASSAS/upload_test/677b4441-387c-460b-8564-862492252d74,True,/mnt/ASSAS/upload_test/677b4441-387c-460b-8564-862492252d74/upload_info.pickle,0,False
/mnt/ASSAS/upload_test/6826ed24-bf7e-48f9-a5f2-f706a0dc92c4,True,/mnt/ASSAS/upload_test/6826ed24-bf7e-48f9-a5f2-f706a0dc92c4/upload_info.pickle,0,False
/mnt/ASSAS/upload_test/6845de04-a7fb-40e1-a531-929adc13f9d9,True,/mnt/ASSAS/upload_test/6845de04-a7fb-40e1-a531-929adc13f9d9/upload_info.pickle,0,False
/mnt/ASSAS/upload_test/68a47a21-4264-416e-9cf9-4df38cd4b720,True,/mnt/ASSAS/upload_test/68a47a21-4264-416e-9cf9-4df38cd4b720/upload_info.pickle,0,False
/mnt/ASSAS/upload_test/68e274b8-4822-48ad-b28c-7d2f797e7c3c,True,/mnt/ASSAS/upload_test/68e274b8-4822-48ad-b28c-7d2f797e7c3c/upload_info.pickle,0,False
/mnt/ASSAS/upload_test/690695df-2d8e-4699-87c6-d554655f348b,True,/mnt/ASSAS/upload_test/690695df-2d8e-4699-87c6-d554655f348b/upload_info.pickle,0,False
/mnt/ASSAS/upload_test/69258042-02c7-4849-8c69-f97abd8ebf5d,True,/mnt/ASSAS/upload_test/69258042-02c7-4849-8c69-f97abd8ebf5d/upload_info.pickle,0,False
/mnt/ASSAS/upload_test/6935fef9-40d1-4d6d-a8be-10dfdfe6ff7a,True,/mnt/ASSAS/upload_test/6935fef9-40d1-4d6d-a8be-10dfdfe6ff7a/upload_info.pickle,0,False
/mnt/ASSAS/upload_test/6944c151-fe64-4d9f-9142-4b23aeff77c1,True,/mnt/ASSAS/upload_test/6944c151-fe64-4d9f-9142-4b23aeff77c1/upload_info.pickle,0,False
/mnt/ASSAS/upload_test/69498da0-a4bc-467a-89bf-1eb23c4d075f,True,/mnt/ASSAS/upload_test/69498da0-a4bc-467a-89bf-1eb23c4d075f/upload_info.pickle,0,False
/mnt/ASSAS/upload_test/694b5b97-912c-410d-a117-1f338a4cdba8,True,/mnt/ASSAS/upload_test/694b5b97-912c-410d-a117-1f338a4cdba8/upload_info.pickle,0,False
/mnt/ASSAS/upload_test/69dab482-de94-414d-8f00-77a31faee863,True,/mnt/ASSAS/upload_test/69dab482-de94-414d-8f00-77a31faee863/upload_info.pickle,0,False
/mnt/ASSAS/upload_test/6a2fa285-78ca-40f6-b794-f141bd01e5ac,True,/mnt/ASSAS/upload_test/6a2fa285-78ca-40f6-b794-f141bd01e5ac/upload_info.pickle,0,False
/mnt/ASSAS/upload_test/6a82d82e-d4d3-41fe-98b8-42f5b1dbd5f0,True,/mnt/ASSAS/upload_test/6a82d82e-d4d3-41fe-98b8-42f5b1dbd5f0/upload_info.pickle,0,False
/mnt/ASSAS/upload_test/6aa48079-bca1-4743-96a7-ec4c64523387,True,/mnt/ASSAS/upload_test/6aa48079-bca1-4743-96a7-ec4c64523387/upload_info.pickle,0,False
/mnt/ASSAS/upload_test/6ac6b230-d994-4841-87d2-a564477b3e91,True,/mnt/ASSAS/upload_test/6ac6b230-d994-4841-87d2-a564477b3e91/upload_info.pickle,0,False
/mnt/ASSAS/upload_test/6b15cc34-31f0-4235-8f64-030f50593ee3,True,/mnt/ASSAS/upload_test/6b15cc34-31f0-4235-8f64-030f50593ee3/upload_info.pickle,0,False
/mnt/ASSAS/upload_test/6b632e63-ef90-42a8-ba71-c3c5f1d98a19,True,/mnt/ASSAS/upload_test/6b632e63-ef90-42a8-ba71-c3c5f1d98a19/upload_info.pickle,0,False
/mnt/ASSAS/upload_test/6b88fe59-2742-4ed7-bebd-1e6ae75a1f6c,True,/mnt/ASSAS/upload_test/6b88fe59-2742-4ed7-bebd-1e6ae75a1f6c/upload_info.pickle,0,False
/mnt/ASSAS/upload_test/6ba4e352-13de-4340-abed-dcee476d76a4,True,/mnt/ASSAS/upload_test/6ba4e352-13de-4340-abed-dcee476d76a4/upload_info.pickle,0,False
/mnt/ASSAS/upload_test/6bcaa4e3-c6f1-4320-a0e6-cc935fd22667,True,/mnt/ASSAS/upload_test/6bcaa4e3-c6f1-4320-a0e6-cc935fd22667/upload_info.pickle,0,False
/mnt/ASSAS/upload_test/6bd68510-2f30-4a82-a0de-8ac515c25871,True,/mnt/ASSAS/upload_test/6bd68510-2f30-4a82-a0de-8ac515c25871/upload_info.pickle,0,False
/mnt/ASSAS/upload_test/6bee0eda-8c79-437e-97ef-e931ce933cd1,True,/mnt/ASSAS/upload_test/6bee0eda-8c79-437e-97ef-e931ce933cd1/upload_info.pickle,0,False
/mnt/ASSAS/upload_test/6c206416-fadd-409b-85ad-5b2d513d5dff,True,/mnt/ASSAS/upload_test/6c206416-fadd-409b-85ad-5b2d513d5dff/upload_info.pickle,0,False
/mnt/ASSAS/upload_test/6c34b5af-ac7d-4bdc-9bb8-b81c0b922d47,True,/mnt/ASSAS/upload_test/6c34b5af-ac7d-4bdc-9bb8-b81c0b922d47/upload_info.pickle,0,False
/mnt/ASSAS/upload_test/6ccd9ba6-3b8f-462b-b5ff-12668acdbf88,True,/mnt/ASSAS/upload_test/6ccd9ba6-3b8f-462b-b5ff-12668acdbf88/upload_info.pickle,0,False
/mnt/ASSAS/upload_test/6ce068fe-0488-49dc-8f58-986614bc1123,True,/mnt/ASSAS/upload_test/6ce068fe-0488-49dc-8f58-986614bc1123/upload_info.pickle,0,False
/mnt/ASSAS/upload_test/6d097a94-42a3-44fa-b964-d6b4d05cbd2b,True,/mnt/ASSAS/upload_test/6d097a94-42a3-44fa-b964-d6b4d05cbd2b/upload_info.pickle,0,False
/mnt/ASSAS/upload_test/6d0dc226-18dd-4837-b509-7c0530f72c21,True,/mnt/ASSAS/upload_test/6d0dc226-18dd-4837-b509-7c0530f72c21/upload_info.pickle,0,False
/mnt/ASSAS/upload_test/6d3022da-ea9f-4e5f-81dd-8dfbe1128ecb,True,/mnt/ASSAS/upload_test/6d3022da-ea9f-4e5f-81dd-8dfbe1128ecb/upload_info.pickle,0,False
/mnt/ASSAS/upload_test/6d39044c-4f39-4e04-be5b-0bbca5a94a6c,True,/mnt/ASSAS/upload_test/6d39044c-4f39-4e04-be5b-0bbca5a94a6c/upload_info.pickle,0,False
/mnt/ASSAS/upload_test/6d3e34c6-1f4c-4b3a-bcdf-bd8efef887fa,True,/mnt/ASSAS/upload_test/6d3e34c6-1f4c-4b3a-bcdf-bd8efef887fa/upload_info.pickle,0,False
/mnt/ASSAS/upload_test/6d4fb562-a6d7-4ee4-844c-45af7602d9f9,True,/mnt/ASSAS/upload_test/6d4fb562-a6d7-4ee4-844c-45af7602d9f9/upload_info.pickle,0,False
/mnt/ASSAS/upload_test/6d73a9f1-89fd-4006-a053-58685d1deda4,True,/mnt/ASSAS/upload_test/6d73a9f1-89fd-4006-a053-58685d1deda4/upload_info.pickle,0,False
/mnt/ASSAS/upload_test/6dc35a19-bb47-40c3-9829-495b1d289319,True,/mnt/ASSAS/upload_test/6dc35a19-bb47-40c3-9829-495b1d289319/upload_info.pickle,0,False
/mnt/ASSAS/upload_test/6df09c22-93f0-44cf-8650-116e7eb6a1c7,True,/mnt/ASSAS/upload_test/6df09c22-93f0-44cf-8650-116e7eb6a1c7/upload_info.pickle,0,False
/mnt/ASSAS/upload_test/6df220b6-08ee-4700-be14-32a74e08a4f9,True,/mnt/ASSAS/upload_test/6df220b6-08ee-4700-be14-32a74e08a4f9/upload_info.pickle,0,False
/mnt/ASSAS/upload_test/6e23bfba-fd78-443a-a07f-583d4ff3bb28,True,/mnt/ASSAS/upload_test/6e23bfba-fd78-443a-a07f-583d4ff3bb28/upload_info.pickle,0,False
/mnt/ASSAS/upload_test/6e2dceb1-8923-43ac-9a14-42844e3efadc,True,/mnt/ASSAS/upload_test/6e2dceb1-8923-43ac-9a14-42844e3efadc/upload_info.pickle,0,False
/mnt/ASSAS/upload_test/6e51a8a4-faf4-4e9d-b57c-c5205496b625,True,/mnt/ASSAS/upload_test/6e51a8a4-faf4-4e9d-b57c-c5205496b625/upload_info.pickle,0,False
/mnt/ASSAS/upload_test/6e5a36ec-9d2b-40b1-9789-9bd99e0a7eab,True,/mnt/ASSAS/upload_test/6e5a36ec-9d2b-40b1-9789-9bd99e0a7eab/upload_info.pickle,0,False
/mnt/ASSAS/upload_test/6e85fe47-c93e-4bc9-846b-8a9bc0f5cdf6,True,/mnt/ASSAS/upload_test/6e85fe47-c93e-4bc9-846b-8a9bc0f5cdf6/upload_info.pickle,0,False
/mnt/ASSAS/upload_test/6eafe998-4242-4d5a-81e0-d95103155812,True,/mnt/ASSAS/upload_test/6eafe998-4242-4d5a-81e0-d95103155812/upload_info.pickle,0,False
/mnt/ASSAS/upload_test/6edf7667-6779-4071-af80-45150d57e36a,True,/mnt/ASSAS/upload_test/6edf7667-6779-4071-af80-45150d57e36a/upload_info.pickle,0,False
/mnt/ASSAS/upload_test/6f073780-4d0c-4f62-9c8a-dc7b67667f17,True,/mnt/ASSAS/upload_test/6f073780-4d0c-4f62-9c8a-dc7b67667f17/upload_info.pickle,0,False
/mnt/ASSAS/upload_test/6f082a5d-53dd-47ae-9926-25a2b618a82b,True,/mnt/ASSAS/upload_test/6f082a5d-53dd-47ae-9926-25a2b618a82b/upload_info.pickle,0,False
/mnt/ASSAS/upload_test/6fa278f0-1ce3-4eb8-af57-10a7341970a0,True,/mnt/ASSAS/upload_test/6fa278f0-1ce3-4eb8-af57-10a7341970a0/upload_info.pickle,0,False
/mnt/ASSAS/upload_test/6fa2b4cf-d31e-442c-a5de-d3c0cec35015,True,/mnt/ASSAS/upload_test/6fa2b4cf-d31e-442c-a5de-d3c0cec35015/upload_info.pickle,0,False
/mnt/ASSAS/upload_test/6fd47ef7-25bb-4db9-aaf6-ed6360248876,True,/mnt/ASSAS/upload_test/6fd47ef7-25bb-4db9-aaf6-ed6360248876/upload_info.pickle,0,False
/mnt/ASSAS/upload_test/702df227-4002-406f-ab68-d994c1429d70,True,/mnt/ASSAS/upload_test/702df227-4002-406f-ab68-d994c1429d70/upload_info.pickle,0,False
/mnt/ASSAS/upload_test/7083f318-e36c-41eb-93c3-6892fbf1b551,True,/mnt/ASSAS/upload_test/7083f318-e36c-41eb-93c3-6892fbf1b551/upload_info.pickle,0,False
/mnt/ASSAS/upload_test/70a1b503-f7be-4f27-8fe6-4ac94db3f76e,True,/mnt/ASSAS/upload_test/70a1b503-f7be-4f27-8fe6-4ac94db3f76e/upload_info.pickle,0,False
/mnt/ASSAS/upload_test/70b6389a-493e-481b-93f6-bbbb7b346173,True,/mnt/ASSAS/upload_test/70b6389a-493e-481b-93f6-bbbb7b346173/upload_info.pickle,0,False
/mnt/ASSAS/upload_test/70be549f-7863-488b-a36d-13cc075bbc09,True,/mnt/ASSAS/upload_test/70be549f-7863-488b-a36d-13cc075bbc09/upload_info.pickle,0,False
/mnt/ASSAS/upload_test/70e79137-894d-40ca-baa9-d15abd7be1c8,True,/mnt/ASSAS/upload_test/70e79137-894d-40ca-baa9-d15abd7be1c8/upload_info.pickle,0,False
/mnt/ASSAS/upload_test/71204a8f-f482-49c8-aab7-fca3cc486fa9,True,/mnt/ASSAS/upload_test/71204a8f-f482-49c8-aab7-fca3cc486fa9/upload_info.pickle,0,False
/mnt/ASSAS/upload_test/71331e10-9982-4f60-b109-e6449f0626b3,True,/mnt/ASSAS/upload_test/71331e10-9982-4f60-b109-e6449f0626b3/upload_info.pickle,0,False
/mnt/ASSAS/upload_test/71a12b52-c311-400a-89dd-82ae1203874e,True,/mnt/ASSAS/upload_test/71a12b52-c311-400a-89dd-82ae1203874e/upload_info.pickle,0,False
/mnt/ASSAS/upload_test/71a66604-3d34-45a5-871a-400a42a35ee5,True,/mnt/ASSAS/upload_test/71a66604-3d34-45a5-871a-400a42a35ee5/upload_info.pickle,0,False
/mnt/ASSAS/upload_test/71ebe0c9-996a-4bc9-be35-82cc678b6bab,True,/mnt/ASSAS/upload_test/71ebe0c9-996a-4bc9-be35-82cc678b6bab/upload_info.pickle,0,False
/mnt/ASSAS/upload_test/71f27b79-1396-481f-8cdc-a65f28126b35,True,/mnt/ASSAS/upload_test/71f27b79-1396-481f-8cdc-a65f28126b35/upload_info.pickle,0,False
/mnt/ASSAS/upload_test/720a331f-8ecb-4dc7-9db3-ec714eae775c,True,/mnt/ASSAS/upload_test/720a331f-8ecb-4dc7-9db3-ec714eae775c/upload_info.pickle,0,False
/mnt/ASSAS/upload_test/720ef766-a8d8-4fb1-845e-3768cc72efbb,True,/mnt/ASSAS/upload_test/720ef766-a8d8-4fb1-845e-3768cc72efbb/upload_info.pickle,0,False
/mnt/ASSAS/upload_test/72440a18-c2fd-4550-a9fb-53f5125c5647,True,/mnt/ASSAS/upload_test/72440a18-c2fd-4550-a9fb-53f5125c5647/upload_info.pickle,0,False
/mnt/ASSAS/upload_test/726bc22e-b020-4eb9-ae9c-0c82e69750d8,True,/mnt/ASSAS/upload_test/726bc22e-b020-4eb9-ae9c-0c82e69750d8/upload_info.pickle,0,False
/mnt/ASSAS/upload_test/72af1f06-27b5-4439-8c96-a044c3686fb8,True,/mnt/ASSAS/upload_test/72af1f06-27b5-4439-8c96-a044c3686fb8/upload_info.pickle,0,False
/mnt/ASSAS/upload_test/73007015-befe-4abe-b658-73945473709f,True,/mnt/ASSAS/upload_test/73007015-befe-4abe-b658-73945473709f/upload_info.pickle,0,False
/mnt/ASSAS/upload_test/730db97b-c942-4ea4-8390-3a0a99a7d5a2,True,/mnt/ASSAS/upload_test/730db97b-c942-4ea4-8390-3a0a99a7d5a2/upload_info.pickle,0,False
/mnt/ASSAS/upload_test/73141973-f5be-4aa1-a08d-405a7780af8f,True,/mnt/ASSAS/upload_test/73141973-f5be-4aa1-a08d-405a7780af8f/upload_info.pickle,0,False
/mnt/ASSAS/upload_test/732a7f84-ede4-453b-ab36-006897c7c8dd,True,/mnt/ASSAS/upload_test/732a7f84-ede4-453b-ab36-006897c7c8dd/upload_info.pickle,0,False
/mnt/ASSAS/upload_test/732d9d43-eff5-41b9-b818-1d4e95975bf5,True,/mnt/ASSAS/upload_test/732d9d43-eff5-41b9-b818-1d4e95975bf5/upload_info.pickle,0,False
/mnt/ASSAS/upload_test/732eb077-1b49-4ac5-aaa4-bbc71587001f,True,/mnt/ASSAS/upload_test/732eb077-1b49-4ac5-aaa4-bbc71587001f/upload_info.pickle,0,False
/mnt/ASSAS/upload_test/734a0230-f669-4efc-84ac-cd4b62a4e172,True,/mnt/ASSAS/upload_test/734a0230-f669-4efc-84ac-cd4b62a4e172/upload_info.pickle,0,False
/mnt/ASSAS/upload_test/73a07a21-8365-449d-9cbd-dc16e599f801,True,/mnt/ASSAS/upload_test/73a07a21-8365-449d-9cbd-dc16e599f801/upload_info.pickle,0,False
/mnt/ASSAS/upload_test/73b11b5a-e184-4509-9df1-eeea15d04edd,True,/mnt/ASSAS/upload_test/73b11b5a-e184-4509-9df1-eeea15d04edd/upload_info.pickle,0,False
/mnt/ASSAS/upload_test/73f4834f-5946-4542-8c7a-430530a2c3fc,True,/mnt/ASSAS/upload_test/73f4834f-5946-4542-8c7a-430530a2c3fc/upload_info.pickle,0,False
/mnt/ASSAS/upload_test/73f7e5bf-8561-4e56-82fe-028d6b57c537,True,/mnt/ASSAS/upload_test/73f7e5bf-8561-4e56-82fe-028d6b57c537/upload_info.pickle,0,False
/mnt/ASSAS/upload_test/73f8f1df-7f7c-4563-97f3-08f49483bd57,True,/mnt/ASSAS/upload_test/73f8f1df-7f7c-4563-97f3-08f49483bd57/upload_info.pickle,0,False
/mnt/ASSAS/upload_test/740473c4-0367-4757-9eae-68d5301b8a88,True,/mnt/ASSAS/upload_test/740473c4-0367-4757-9eae-68d5301b8a88/upload_info.pickle,0,False
/mnt/ASSAS/upload_test/7424fa2f-c583-4826-b3fc-2f48d5140e2a,True,/mnt/ASSAS/upload_test/7424fa2f-c583-4826-b3fc-2f48d5140e2a/upload_info.pickle,0,False
/mnt/ASSAS/upload_test/748a761c-4e55-4e12-9936-870772cb30e3,True,/mnt/ASSAS/upload_test/748a761c-4e55-4e12-9936-870772cb30e3/upload_info.pickle,0,False
/mnt/ASSAS/upload_test/748ee4ea-8ed6-4e9a-a8bb-68a0aa3e8e50,True,/mnt/ASSAS/upload_test/748ee4ea-8ed6-4e9a-a8bb-68a0aa3e8e50/upload_info.pickle,0,False
/mnt/ASSAS/upload_test/7494ded6-5430-456a-9114-1d9937e79a55,True,/mnt/ASSAS/upload_test/7494ded6-5430-456a-9114-1d9937e79a55/upload_info.pickle,0,False
/mnt/ASSAS/upload_test/74afcca7-2c11-4526-b6d8-ac249e0ec9a6,True,/mnt/ASSAS/upload_test/74afcca7-2c11-4526-b6d8-ac249e0ec9a6/upload_info.pickle,0,False
/mnt/ASSAS/upload_test/74dba521-3145-4f4f-8367-4c90b6e897d3,True,/mnt/ASSAS/upload_test/74dba521-3145-4f4f-8367-4c90b6e897d3/upload_info.pickle,0,False
/mnt/ASSAS/upload_test/74ffa196-c40c-45d7-bceb-902533a3daae,True,/mnt/ASSAS/upload_test/74ffa196-c40c-45d7-bceb-902533a3daae/upload_info.pickle,0,False
/mnt/ASSAS/upload_test/756c771d-0d2e-4ae7-9eb4-ab2186aebd68,True,/mnt/ASSAS/upload_test/756c771d-0d2e-4ae7-9eb4-ab2186aebd68/upload_info.pickle,0,False
/mnt/ASSAS/upload_test/75750f11-4eb0-4ee1-8ad0-507cbe86e91e,True,/mnt/ASSAS/upload_test/75750f11-4eb0-4ee1-8ad0-507cbe86e91e/upload_info.pickle,0,False
/mnt/ASSAS/upload_test/75b5e1bf-07b2-4651-8b4c-5d483aa5afbc,True,/mnt/ASSAS/upload_test/75b5e1bf-07b2-4651-8b4c-5d483aa5afbc/upload_info.pickle,0,False
/mnt/ASSAS/upload_test/7601b1f7-cd02-4a5f-9391-7843cf629810,True,/mnt/ASSAS/upload_test/7601b1f7-cd02-4a5f-9391-7843cf629810/upload_info.pickle,0,False
/mnt/ASSAS/upload_test/7652561b-acbb-4ff8-9b2c-f47815e1cc4a,True,/mnt/ASSAS/upload_test/7652561b-acbb-4ff8-9b2c-f47815e1cc4a/upload_info.pickle,0,False
/mnt/ASSAS/upload_test/768cff30-7d59-4027-9939-c2dcde713100,True,/mnt/ASSAS/upload_test/768cff30-7d59-4027-9939-c2dcde713100/upload_info.pickle,0,False
/mnt/ASSAS/upload_test/769da84e-9f6d-42b2-bb2a-014ae445c49b,True,/mnt/ASSAS/upload_test/769da84e-9f6d-42b2-bb2a-014ae445c49b/upload_info.pickle,0,False
/mnt/ASSAS/upload_test/7700a017-43d6-4702-8805-5d41b7620af5,True,/mnt/ASSAS/upload_test/7700a017-43d6-4702-8805-5d41b7620af5/upload_info.pickle,0,False
/mnt/ASSAS/upload_test/77143641-c993-47f1-94d7-3f5b151250b6,True,/mnt/ASSAS/upload_test/77143641-c993-47f1-94d7-3f5b151250b6/upload_info.pickle,0,False
/mnt/ASSAS/upload_test/77186e91-02ef-4ad7-8936-14785a4bd3e1,True,/mnt/ASSAS/upload_test/77186e91-02ef-4ad7-8936-14785a4bd3e1/upload_info.pickle,0,False
/mnt/ASSAS/upload_test/776ca364-2397-4680-8709-618e21ba2bba,True,/mnt/ASSAS/upload_test/776ca364-2397-4680-8709-618e21ba2bba/upload_info.pickle,0,False
/mnt/ASSAS/upload_test/77930249-02de-4857-b0ad-8968767f563b,True,/mnt/ASSAS/upload_test/77930249-02de-4857-b0ad-8968767f563b/upload_info.pickle,0,False
/mnt/ASSAS/upload_test/77ac797f-4d8d-4654-863b-ddfd91d1d6cc,True,/mnt/ASSAS/upload_test/77ac797f-4d8d-4654-863b-ddfd91d1d6cc/upload_info.pickle,0,False
/mnt/ASSAS/upload_test/77adf6a4-a503-4d25-8e81-a7cf21cca9ac,True,/mnt/ASSAS/upload_test/77adf6a4-a503-4d25-8e81-a7cf21cca9ac/upload_info.pickle,0,False
/mnt/ASSAS/upload_test/77bde099-19e6-49a9-8197-1497fd6017ea,True,/mnt/ASSAS/upload_test/77bde099-19e6-49a9-8197-1497fd6017ea/upload_info.pickle,0,False
/mnt/ASSAS/upload_test/77c38522-f487-409e-81db-43cee400df54,True,/mnt/ASSAS/upload_test/77c38522-f487-409e-81db-43cee400df54/upload_info.pickle,0,False
/mnt/ASSAS/upload_test/77d821d1-d7d9-4f83-90e5-9b7002be3077,True,/mnt/ASSAS/upload_test/77d821d1-d7d9-4f83-90e5-9b7002be3077/upload_info.pickle,0,False
/mnt/ASSAS/upload_test/77dba36c-c9b2-4e7d-8f48-1f1643ff60fe,True,/mnt/ASSAS/upload_test/77dba36c-c9b2-4e7d-8f48-1f1643ff60fe/upload_info.pickle,0,False
/mnt/ASSAS/upload_test/780fcb99-2954-47e8-9269-eddd63caf3ff,True,/mnt/ASSAS/upload_test/780fcb99-2954-47e8-9269-eddd63caf3ff/upload_info.pickle,0,False
/mnt/ASSAS/upload_test/78139230-77e5-4a0f-997c-f0947522be2e,True,/mnt/ASSAS/upload_test/78139230-77e5-4a0f-997c-f0947522be2e/upload_info.pickle,0,False
/mnt/ASSAS/upload_test/78665cb1-8fe5-4b51-8d8b-52a3b4b08808,True,/mnt/ASSAS/upload_test/78665cb1-8fe5-4b51-8d8b-52a3b4b08808/upload_info.pickle,0,False
/mnt/ASSAS/upload_test/787ac66b-b151-46a7-a3e6-e8c9982b8d00,True,/mnt/ASSAS/upload_test/787ac66b-b151-46a7-a3e6-e8c9982b8d00/upload_info.pickle,0,False
/mnt/ASSAS/upload_test/78f06580-b82e-4f4c-8475-813c5b65cfeb,True,/mnt/ASSAS/upload_test/78f06580-b82e-4f4c-8475-813c5b65cfeb/upload_info.pickle,0,False
/mnt/ASSAS/upload_test/790e5534-feac-421d-b84f-0d661d4e7971,True,/mnt/ASSAS/upload_test/790e5534-feac-421d-b84f-0d661d4e7971/upload_info.pickle,0,False
/mnt/ASSAS/upload_test/7928490e-9a0c-489a-b2b4-a8938cf90728,True,/mnt/ASSAS/upload_test/7928490e-9a0c-489a-b2b4-a8938cf90728/upload_info.pickle,0,False
/mnt/ASSAS/upload_test/7a131f4c-5123-42be-8915-2152eb4621fe,True,/mnt/ASSAS/upload_test/7a131f4c-5123-42be-8915-2152eb4621fe/upload_info.pickle,0,False
/mnt/ASSAS/upload_test/7a27644a-71d1-4ecb-a8b6-6c2f170bb25f,True,/mnt/ASSAS/upload_test/7a27644a-71d1-4ecb-a8b6-6c2f170bb25f/upload_info.pickle,0,False
/mnt/ASSAS/upload_test/7ab3cfd0-815c-4656-a923-b14bf79ba9c0,True,/mnt/ASSAS/upload_test/7ab3cfd0-815c-4656-a923-b14bf79ba9c0/upload_info.pickle,0,False
/mnt/ASSAS/upload_test/7ab81f93-a14e-4523-8801-144ef4d1e22c,True,/mnt/ASSAS/upload_test/7ab81f93-a14e-4523-8801-144ef4d1e22c/upload_info.pickle,0,False
/mnt/ASSAS/upload_test/7af78c68-31d5-4854-b80e-8daaa8360741,True,/mnt/ASSAS/upload_test/7af78c68-31d5-4854-b80e-8daaa8360741/upload_info.pickle,0,False
/mnt/ASSAS/upload_test/7b365ca3-6ea3-4051-87f7-a9e65d25b368,True,/mnt/ASSAS/upload_test/7b365ca3-6ea3-4051-87f7-a9e65d25b368/upload_info.pickle,0,False
/mnt/ASSAS/upload_test/7b3ab8b1-8f38-4ca0-be1d-99f407a51de5,True,/mnt/ASSAS/upload_test/7b3ab8b1-8f38-4ca0-be1d-99f407a51de5/upload_info.pickle,0,False
/mnt/ASSAS/upload_test/7b3c9693-387f-4e12-8008-f91bbc71e669,True,/mnt/ASSAS/upload_test/7b3c9693-387f-4e12-8008-f91bbc71e669/upload_info.pickle,0,False
/mnt/ASSAS/upload_test/7b3e29fc-ceec-4043-9674-360a25024ba4,True,/mnt/ASSAS/upload_test/7b3e29fc-ceec-4043-9674-360a25024ba4/upload_info.pickle,0,False
/mnt/ASSAS/upload_test/7b4adadb-695d-4ab0-a7f8-f375827be853,True,/mnt/ASSAS/upload_test/7b4adadb-695d-4ab0-a7f8-f375827be853/upload_info.pickle,0,False
/mnt/ASSAS/upload_test/7b81fef4-1bd9-4cd5-b1d6-1a5e7952c1e4,True,/mnt/ASSAS/upload_test/7b81fef4-1bd9-4cd5-b1d6-1a5e7952c1e4/upload_info.pickle,0,False
/mnt/ASSAS/upload_test/7ba5ab6d-a2c9-4134-94ab-28df2dcdc647,True,/mnt/ASSAS/upload_test/7ba5ab6d-a2c9-4134-94ab-28df2dcdc647/upload_info.pickle,0,False
/mnt/ASSAS/upload_test/7c1c1761-130d-430b-9991-328451c39377,True,/mnt/ASSAS/upload_test/7c1c1761-130d-430b-9991-328451c39377/upload_info.pickle,0,False
/mnt/ASSAS/upload_test/7c3dabfc-b984-4d66-a29f-e4b603212d81,True,/mnt/ASSAS/upload_test/7c3dabfc-b984-4d66-a29f-e4b603212d81/upload_info.pickle,0,False
/mnt/ASSAS/upload_test/7cc91926-faa8-4d40-896b-d24225c7f027,True,/mnt/ASSAS/upload_test/7cc91926-faa8-4d40-896b-d24225c7f027/upload_info.pickle,0,False
/mnt/ASSAS/upload_test/7cf0aa6f-14fb-4316-bb0d-cc41569994a4,True,/mnt/ASSAS/upload_test/7cf0aa6f-14fb-4316-bb0d-cc41569994a4/upload_info.pickle,0,False
/mnt/ASSAS/upload_test/7d66170e-3950-4bef-8e4e-442180db9c7d,True,/mnt/ASSAS/upload_test/7d66170e-3950-4bef-8e4e-442180db9c7d/upload_info.pickle,0,False
/mnt/ASSAS/upload_test/7d73963a-e41d-496d-8f94-612c24298c2d,True,/mnt/ASSAS/upload_test/7d73963a-e41d-496d-8f94-612c24298c2d/upload_info.pickle,0,False
/mnt/ASSAS/upload_test/7db38cfc-6579-4f17-8d40-66dffa0fc815,True,/mnt/ASSAS/upload_test/7db38cfc-6579-4f17-8d40-66dffa0fc815/upload_info.pickle,0,False
/mnt/ASSAS/upload_test/7ddac6b0-ddfe-4aac-861d-8222b1e1f89a,True,/mnt/ASSAS/upload_test/7ddac6b0-ddfe-4aac-861d-8222b1e1f89a/upload_info.pickle,0,False
/mnt/ASSAS/upload_test/7e06c25e-f31e-4f18-8f21-7fbb2e01e76a,True,/mnt/ASSAS/upload_test/7e06c25e-f31e-4f18-8f21-7fbb2e01e76a/upload_info.pickle,0,False
/mnt/ASSAS/upload_test/7e3498c0-d21c-423f-a719-b38b580918cd,True,/mnt/ASSAS/upload_test/7e3498c0-d21c-423f-a719-b38b580918cd/upload_info.pickle,0,False
/mnt/ASSAS/upload_test/7e48b371-3113-487a-bf44-13426cbb956b,True,/mnt/ASSAS/upload_test/7e48b371-3113-487a-bf44-13426cbb956b/upload_info.pickle,0,False
/mnt/ASSAS/upload_test/7e6d5c1d-85d5-462f-9432-19a625ede686,True,/mnt/ASSAS/upload_test/7e6d5c1d-85d5-462f-9432-19a625ede686/upload_info.pickle,0,False
/mnt/ASSAS/upload_test/7e9ac6f1-33a4-4a96-b878-087ea3d52762,True,/mnt/ASSAS/upload_test/7e9ac6f1-33a4-4a96-b878-087ea3d52762/upload_info.pickle,0,False
/mnt/ASSAS/upload_test/7eb0a027-0743-425a-8ed1-f3782461f9fa,True,/mnt/ASSAS/upload_test/7eb0a027-0743-425a-8ed1-f3782461f9fa/upload_info.pickle,0,False
/mnt/ASSAS/upload_test/7eee71de-4cf9-4012-936d-b66f46b6f041,True,/mnt/ASSAS/upload_test/7eee71de-4cf9-4012-936d-b66f46b6f041/upload_info.pickle,0,False
/mnt/ASSAS/upload_test/7ef2b71b-2b69-4d4d-87aa-261585946b0c,True,/mnt/ASSAS/upload_test/7ef2b71b-2b69-4d4d-87aa-261585946b0c/upload_info.pickle,0,False
/mnt/ASSAS/upload_test/7f11852c-5d42-48aa-ac02-ea1403dfc709,True,/mnt/ASSAS/upload_test/7f11852c-5d42-48aa-ac02-ea1403dfc709/upload_info.pickle,0,False
/mnt/ASSAS/upload_test/7f3ae8d2-b7ce-4113-9977-a7bd63b2f13f,True,/mnt/ASSAS/upload_test/7f3ae8d2-b7ce-4113-9977-a7bd63b2f13f/upload_info.pickle,0,False
/mnt/ASSAS/upload_test/7f3c4294-aa21-4fad-94d1-dffbecfde9dd,True,/mnt/ASSAS/upload_test/7f3c4294-aa21-4fad-94d1-dffbecfde9dd/upload_info.pickle,0,False
/mnt/ASSAS/upload_test/7f894b08-38ed-4970-bafc-c4f6ca522d22,True,/mnt/ASSAS/upload_test/7f894b08-38ed-4970-bafc-c4f6ca522d22/upload_info.pickle,0,False
/mnt/ASSAS/upload_test/7f9679ac-83cc-4859-9b7e-809cc1d5dd7e,True,/mnt/ASSAS/upload_test/7f9679ac-83cc-4859-9b7e-809cc1d5dd7e/upload_info.pickle,0,False
/mnt/ASSAS/upload_test/7f9a770c-e1ab-4d7c-8321-a9c9934c19cf,True,/mnt/ASSAS/upload_test/7f9a770c-e1ab-4d7c-8321-a9c9934c19cf/upload_info.pickle,0,False
/mnt/ASSAS/upload_test/801d9da9-5f07-4563-8d95-351f49eb0ca6,True,/mnt/ASSAS/upload_test/801d9da9-5f07-4563-8d95-351f49eb0ca6/upload_info.pickle,0,False
/mnt/ASSAS/upload_test/8029d61e-f931-4536-b518-8d86752952b7,True,/mnt/ASSAS/upload_test/8029d61e-f931-4536-b518-8d86752952b7/upload_info.pickle,0,False
/mnt/ASSAS/upload_test/808ca544-e7e3-4286-a0b1-5370348f14c2,True,/mnt/ASSAS/upload_test/808ca544-e7e3-4286-a0b1-5370348f14c2/upload_info.pickle,0,False
/mnt/ASSAS/upload_test/809884da-5d39-4030-b06f-391083858d7f,True,/mnt/ASSAS/upload_test/809884da-5d39-4030-b06f-391083858d7f/upload_info.pickle,0,False
/mnt/ASSAS/upload_test/80e48d93-65d6-4bd6-b9b0-a2bdaa160fb0,True,/mnt/ASSAS/upload_test/80e48d93-65d6-4bd6-b9b0-a2bdaa160fb0/upload_info.pickle,0,False
/mnt/ASSAS/upload_test/80e5f191-26db-41d5-868e-37af9929dad6,True,/mnt/ASSAS/upload_test/80e5f191-26db-41d5-868e-37af9929dad6/upload_info.pickle,0,False
/mnt/ASSAS/upload_test/8151aa05-13e4-474a-839b-664e2db9bad7,True,/mnt/ASSAS/upload_test/8151aa05-13e4-474a-839b-664e2db9bad7/upload_info.pickle,0,False
/mnt/ASSAS/upload_test/816b728e-e553-4719-9810-eff07e604901,True,/mnt/ASSAS/upload_test/816b728e-e553-4719-9810-eff07e604901/upload_info.pickle,0,False
/mnt/ASSAS/upload_test/81832400-b851-47e0-a45a-7e1a648e25d0,True,/mnt/ASSAS/upload_test/81832400-b851-47e0-a45a-7e1a648e25d0/upload_info.pickle,0,False
/mnt/ASSAS/upload_test/819c063d-696f-45f0-8350-3e7c1dcc40fd,True,/mnt/ASSAS/upload_test/819c063d-696f-45f0-8350-3e7c1dcc40fd/upload_info.pickle,0,False
/mnt/ASSAS/upload_test/81f52648-89dc-45ec-9d69-45e1a575583b,True,/mnt/ASSAS/upload_test/81f52648-89dc-45ec-9d69-45e1a575583b/upload_info.pickle,0,False
/mnt/ASSAS/upload_test/82009f1f-5d5c-4c0d-910e-4a850a4078c5,True,/mnt/ASSAS/upload_test/82009f1f-5d5c-4c0d-910e-4a850a4078c5/upload_info.pickle,0,False
/mnt/ASSAS/upload_test/8226813e-2cf1-4c3c-90b0-7b9ac5d01de4,True,/mnt/ASSAS/upload_test/8226813e-2cf1-4c3c-90b0-7b9ac5d01de4/upload_info.pickle,0,False
/mnt/ASSAS/upload_test/8239344d-124d-45d7-90d3-cc1864ec9e56,True,/mnt/ASSAS/upload_test/8239344d-124d-45d7-90d3-cc1864ec9e56/upload_info.pickle,0,False
/mnt/ASSAS/upload_test/8241648f-d0ef-4987-90a9-0944e4755896,True,/mnt/ASSAS/upload_test/8241648f-d0ef-4987-90a9-0944e4755896/upload_info.pickle,0,False
/mnt/ASSAS/upload_test/8244b232-f16d-4829-af3f-cf5f4f01960f,True,/mnt/ASSAS/upload_test/8244b232-f16d-4829-af3f-cf5f4f01960f/upload_info.pickle,0,False
/mnt/ASSAS/upload_test/82557382-8dc3-4806-8ebb-63805261e3e9,True,/mnt/ASSAS/upload_test/82557382-8dc3-4806-8ebb-63805261e3e9/upload_info.pickle,0,False
/mnt/ASSAS/upload_test/8296e612-a650-4cb7-a7bc-3a14fcdbff5a,True,/mnt/ASSAS/upload_test/8296e612-a650-4cb7-a7bc-3a14fcdbff5a/upload_info.pickle,0,False
/mnt/ASSAS/upload_test/82fd5f6e-3584-470a-8232-00bd828f58e7,True,/mnt/ASSAS/upload_test/82fd5f6e-3584-470a-8232-00bd828f58e7/upload_info.pickle,0,False
/mnt/ASSAS/upload_test/8366bf66-27db-4ce6-a5ea-c7e661745bc1,True,/mnt/ASSAS/upload_test/8366bf66-27db-4ce6-a5ea-c7e661745bc1/upload_info.pickle,0,False
/mnt/ASSAS/upload_test/839f50e7-86b7-4b46-8f80-222f7155a8a6,True,/mnt/ASSAS/upload_test/839f50e7-86b7-4b46-8f80-222f7155a8a6/upload_info.pickle,0,False
/mnt/ASSAS/upload_test/83b9dd62-3c7e-4f02-834c-fb349c683ec2,True,/mnt/ASSAS/upload_test/83b9dd62-3c7e-4f02-834c-fb349c683ec2/upload_info.pickle,0,False
/mnt/ASSAS/upload_test/83cae375-5f45-43a7-aeb5-a7faded1c379,True,/mnt/ASSAS/upload_test/83cae375-5f45-43a7-aeb5-a7faded1c379/upload_info.pickle,0,False
/mnt/ASSAS/upload_test/8409fb1b-87fc-4ad4-bfe9-70c5575bcbaf,True,/mnt/ASSAS/upload_test/8409fb1b-87fc-4ad4-bfe9-70c5575bcbaf/upload_info.pickle,0,False
/mnt/ASSAS/upload_test/84298228-01c9-46e5-811e-915e61123f2a,True,/mnt/ASSAS/upload_test/84298228-01c9-46e5-811e-915e61123f2a/upload_info.pickle,0,False
/mnt/ASSAS/upload_test/842f7d58-826c-429a-813c-cf5757dac8e9,True,/mnt/ASSAS/upload_test/842f7d58-826c-429a-813c-cf5757dac8e9/upload_info.pickle,0,False
/mnt/ASSAS/upload_test/8455ceaa-f59b-4e7b-8483-c4a662fdb367,True,/mnt/ASSAS/upload_test/8455ceaa-f59b-4e7b-8483-c4a662fdb367/upload_info.pickle,0,False
/mnt/ASSAS/upload_test/84b28446-1a5f-4d98-b6ae-ea06d8741e03,True,/mnt/ASSAS/upload_test/84b28446-1a5f-4d98-b6ae-ea06d8741e03/upload_info.pickle,0,False
/mnt/ASSAS/upload_test/84dcdd11-b759-42e3-a333-9bfe84576746,True,/mnt/ASSAS/upload_test/84dcdd11-b759-42e3-a333-9bfe84576746/upload_info.pickle,0,False
/mnt/ASSAS/upload_test/84e552a1-4b35-45c3-8426-1fc49fb35e19,True,/mnt/ASSAS/upload_test/84e552a1-4b35-45c3-8426-1fc49fb35e19/upload_info.pickle,0,False
/mnt/ASSAS/upload_test/84eee0ab-181d-4307-858d-fc32c8370da8,True,/mnt/ASSAS/upload_test/84eee0ab-181d-4307-858d-fc32c8370da8/upload_info.pickle,0,False
/mnt/ASSAS/upload_test/84ff2678-6840-4763-a9f9-9fa76fee0a7b,True,/mnt/ASSAS/upload_test/84ff2678-6840-4763-a9f9-9fa76fee0a7b/upload_info.pickle,0,False
/mnt/ASSAS/upload_test/85158591-375d-4904-9c8c-44f6babf15d0,True,/mnt/ASSAS/upload_test/85158591-375d-4904-9c8c-44f6babf15d0/upload_info.pickle,0,False
/mnt/ASSAS/upload_test/8522fce5-8b30-4e99-a5ca-901b850e6b42,True,/mnt/ASSAS/upload_test/8522fce5-8b30-4e99-a5ca-901b850e6b42/upload_info.pickle,0,False
/mnt/ASSAS/upload_test/857e21db-1e68-4484-9643-1e741bcbdf2e,True,/mnt/ASSAS/upload_test/857e21db-1e68-4484-9643-1e741bcbdf2e/upload_info.pickle,0,False
/mnt/ASSAS/upload_test/8596da1e-3e8f-454b-9bee-3ad59a027ff6,True,/mnt/ASSAS/upload_test/8596da1e-3e8f-454b-9bee-3ad59a027ff6/upload_info.pickle,0,False
/mnt/ASSAS/upload_test/86072507-719f-45ab-b93d-2a288940c030,True,/mnt/ASSAS/upload_test/86072507-719f-45ab-b93d-2a288940c030/upload_info.pickle,0,False
/mnt/ASSAS/upload_test/875f5f72-afb6-4215-b59a-08095c191bda,True,/mnt/ASSAS/upload_test/875f5f72-afb6-4215-b59a-08095c191bda/upload_info.pickle,0,False
/mnt/ASSAS/upload_test/8770759a-3376-443a-bbe7-02dfe8091fa4,True,/mnt/ASSAS/upload_test/8770759a-3376-443a-bbe7-02dfe8091fa4/upload_info.pickle,0,False
/mnt/ASSAS/upload_test/87d47e4b-e5be-4428-8355-f5774d5928e5,True,/mnt/ASSAS/upload_test/87d47e4b-e5be-4428-8355-f5774d5928e5/upload_info.pickle,0,False
/mnt/ASSAS/upload_test/88145866-537e-49cf-b1f5-905ab99561e1,True,/mnt/ASSAS/upload_test/88145866-537e-49cf-b1f5-905ab99561e1/upload_info.pickle,0,False
/mnt/ASSAS/upload_test/8815b839-496f-4b72-9a84-34b1b1ff920b,True,/mnt/ASSAS/upload_test/8815b839-496f-4b72-9a84-34b1b1ff920b/upload_info.pickle,0,False
/mnt/ASSAS/upload_test/881b371f-d6c9-4dd1-b0a3-98932555ad3c,True,/mnt/ASSAS/upload_test/881b371f-d6c9-4dd1-b0a3-98932555ad3c/upload_info.pickle,0,False
/mnt/ASSAS/upload_test/88253100-e3b0-46bf-8d0f-abe897e143cf,True,/mnt/ASSAS/upload_test/88253100-e3b0-46bf-8d0f-abe897e143cf/upload_info.pickle,0,False
/mnt/ASSAS/upload_test/88403b15-671d-44a7-b7fd-3995e772a3cf,True,/mnt/ASSAS/upload_test/88403b15-671d-44a7-b7fd-3995e772a3cf/upload_info.pickle,0,False
/mnt/ASSAS/upload_test/884712d8-9b81-4302-bd46-2b582818eb9e,True,/mnt/ASSAS/upload_test/884712d8-9b81-4302-bd46-2b582818eb9e/upload_info.pickle,0,False
/mnt/ASSAS/upload_test/8853063a-53f1-4d16-881b-ef9630f2e536,True,/mnt/ASSAS/upload_test/8853063a-53f1-4d16-881b-ef9630f2e536/upload_info.pickle,0,False
/mnt/ASSAS/upload_test/8855cc50-d377-4272-96cd-5a67a4d7e187,True,/mnt/ASSAS/upload_test/8855cc50-d377-4272-96cd-5a67a4d7e187/upload_info.pickle,0,False
/mnt/ASSAS/upload_test/886f6543-d217-46dd-b6a0-1e5f6c0215b2,True,/mnt/ASSAS/upload_test/886f6543-d217-46dd-b6a0-1e5f6c0215b2/upload_info.pickle,0,False
/mnt/ASSAS/upload_test/88b4a0fc-b337-4a01-a1db-768399e764e3,True,/mnt/ASSAS/upload_test/88b4a0fc-b337-4a01-a1db-768399e764e3/upload_info.pickle,0,False
/mnt/ASSAS/upload_test/88d8132a-ed4a-437e-8ae0-b76302ec5f77,True,/mnt/ASSAS/upload_test/88d8132a-ed4a-437e-8ae0-b76302ec5f77/upload_info.pickle,0,False
/mnt/ASSAS/upload_test/88e2a89b-4cc6-4c2b-a694-856c92a0053a,True,/mnt/ASSAS/upload_test/88e2a89b-4cc6-4c2b-a694-856c92a0053a/upload_info.pickle,0,False
/mnt/ASSAS/upload_test/88f1e630-ba2d-49c7-a3b5-cdf548870ba3,True,/mnt/ASSAS/upload_test/88f1e630-ba2d-49c7-a3b5-cdf548870ba3/upload_info.pickle,0,False
/mnt/ASSAS/upload_test/8907b233-d199-4c74-bf41-31bc71df43b1,True,/mnt/ASSAS/upload_test/8907b233-d199-4c74-bf41-31bc71df43b1/upload_info.pickle,0,False
/mnt/ASSAS/upload_test/890b6bcd-1c14-427c-8546-0847e55ad521,True,/mnt/ASSAS/upload_test/890b6bcd-1c14-427c-8546-0847e55ad521/upload_info.pickle,0,False
/mnt/ASSAS/upload_test/8993f534-f134-4668-b214-11d41925f244,True,/mnt/ASSAS/upload_test/8993f534-f134-4668-b214-11d41925f244/upload_info.pickle,0,False
/mnt/ASSAS/upload_test/89a95f30-9906-46ec-8491-59dda0b3dcde,True,/mnt/ASSAS/upload_test/89a95f30-9906-46ec-8491-59dda0b3dcde/upload_info.pickle,0,False
/mnt/ASSAS/upload_test/89bce178-41f5-4212-b05e-1469a0b1899b,True,/mnt/ASSAS/upload_test/89bce178-41f5-4212-b05e-1469a0b1899b/upload_info.pickle,0,False
/mnt/ASSAS/upload_test/8a0cb70b-7ad6-4c36-ba72-cf07a228c3a6,True,/mnt/ASSAS/upload_test/8a0cb70b-7ad6-4c36-ba72-cf07a228c3a6/upload_info.pickle,0,False
/mnt/ASSAS/upload_test/8a26cdc5-51f1-4616-b6ee-c83fa64d40e6,True,/mnt/ASSAS/upload_test/8a26cdc5-51f1-4616-b6ee-c83fa64d40e6/upload_info.pickle,0,False
/mnt/ASSAS/upload_test/8a466803-8cb0-4fff-8f4e-c983f1ce7391,True,/mnt/ASSAS/upload_test/8a466803-8cb0-4fff-8f4e-c983f1ce7391/upload_info.pickle,0,False
/mnt/ASSAS/upload_test/8a46fff3-c254-4447-af69-0adebf8a0976,True,/mnt/ASSAS/upload_test/8a46fff3-c254-4447-af69-0adebf8a0976/upload_info.pickle,0,False
/mnt/ASSAS/upload_test/8a8b409a-30cd-4c32-ac48-60cac97cbfe5,True,/mnt/ASSAS/upload_test/8a8b409a-30cd-4c32-ac48-60cac97cbfe5/upload_info.pickle,0,False
/mnt/ASSAS/upload_test/8aa1175f-81d1-4ca2-a65a-f8b3d012c7b5,True,/mnt/ASSAS/upload_test/8aa1175f-81d1-4ca2-a65a-f8b3d012c7b5/upload_info.pickle,0,False
/mnt/ASSAS/upload_test/8aadad8d-ebb8-4e52-898c-1d64695a5188,True,/mnt/ASSAS/upload_test/8aadad8d-ebb8-4e52-898c-1d64695a5188/upload_info.pickle,0,False
/mnt/ASSAS/upload_test/8abb1c6e-57c1-4bf7-8f9f-52417464403b,True,/mnt/ASSAS/upload_test/8abb1c6e-57c1-4bf7-8f9f-52417464403b/upload_info.pickle,0,False
/mnt/ASSAS/upload_test/8ae6b2fd-c689-4407-98a8-d2237b8f6821,True,/mnt/ASSAS/upload_test/8ae6b2fd-c689-4407-98a8-d2237b8f6821/upload_info.pickle,0,False
/mnt/ASSAS/upload_test/8b2b0535-d4db-4c3d-9746-cbc7ec702398,True,/mnt/ASSAS/upload_test/8b2b0535-d4db-4c3d-9746-cbc7ec702398/upload_info.pickle,0,False
/mnt/ASSAS/upload_test/8b37c61b-5633-4f42-b97c-192c92899f48,True,/mnt/ASSAS/upload_test/8b37c61b-5633-4f42-b97c-192c92899f48/upload_info.pickle,0,False
/mnt/ASSAS/upload_test/8b5a96bf-4dcf-4fcc-84d3-dfc19cc7d48a,True,/mnt/ASSAS/upload_test/8b5a96bf-4dcf-4fcc-84d3-dfc19cc7d48a/upload_info.pickle,0,False
/mnt/ASSAS/upload_test/8b5cb651-a171-4ddf-aa55-fc46b18926b8,True,/mnt/ASSAS/upload_test/8b5cb651-a171-4ddf-aa55-fc46b18926b8/upload_info.pickle,0,False
/mnt/ASSAS/upload_test/8ba364f8-9190-48e4-b519-f2cbf1126599,True,/mnt/ASSAS/upload_test/8ba364f8-9190-48e4-b519-f2cbf1126599/upload_info.pickle,0,False
/mnt/ASSAS/upload_test/8bc60f92-96da-49ad-ae81-dcfb96050535,True,/mnt/ASSAS/upload_test/8bc60f92-96da-49ad-ae81-dcfb96050535/upload_info.pickle,0,False
/mnt/ASSAS/upload_test/8c41dbf2-0358-41a2-9df0-a1f9f8aa565a,True,/mnt/ASSAS/upload_test/8c41dbf2-0358-41a2-9df0-a1f9f8aa565a/upload_info.pickle,0,False
/mnt/ASSAS/upload_test/8cb074f0-7238-4561-9e07-520423757803,True,/mnt/ASSAS/upload_test/8cb074f0-7238-4561-9e07-520423757803/upload_info.pickle,0,False
/mnt/ASSAS/upload_test/8cbd2c3f-e8e8-4b37-a216-657d89229bbf,True,/mnt/ASSAS/upload_test/8cbd2c3f-e8e8-4b37-a216-657d89229bbf/upload_info.pickle,0,False
/mnt/ASSAS/upload_test/8cf21d4a-f8c9-4353-8a86-98545ef2c136,True,/mnt/ASSAS/upload_test/8cf21d4a-f8c9-4353-8a86-98545ef2c136/upload_info.pickle,0,False
/mnt/ASSAS/upload_test/8d07d620-9176-460b-a167-124b527a90a1,True,/mnt/ASSAS/upload_test/8d07d620-9176-460b-a167-124b527a90a1/upload_info.pickle,0,False
/mnt/ASSAS/upload_test/8d3748ee-2faa-4dbc-b0fc-b204a7a6c50a,True,/mnt/ASSAS/upload_test/8d3748ee-2faa-4dbc-b0fc-b204a7a6c50a/upload_info.pickle,0,False
/mnt/ASSAS/upload_test/8d6fae38-8eae-46a9-9df9-b347808f72a0,True,/mnt/ASSAS/upload_test/8d6fae38-8eae-46a9-9df9-b347808f72a0/upload_info.pickle,0,False
/mnt/ASSAS/upload_test/8d921cf4-e0eb-44b7-be37-2d92a691d485,True,/mnt/ASSAS/upload_test/8d921cf4-e0eb-44b7-be37-2d92a691d485/upload_info.pickle,0,False
/mnt/ASSAS/upload_test/8e284c6a-2d00-4246-ba82-4e698f26a6a0,True,/mnt/ASSAS/upload_test/8e284c6a-2d00-4246-ba82-4e698f26a6a0/upload_info.pickle,0,False
/mnt/ASSAS/upload_test/8eaff306-b920-49c7-b4fc-eb8f26a9bf9c,True,/mnt/ASSAS/upload_test/8eaff306-b920-49c7-b4fc-eb8f26a9bf9c/upload_info.pickle,0,False
/mnt/ASSAS/upload_test/8ec9c211-f1c9-4934-ac20-b344194cecb8,True,/mnt/ASSAS/upload_test/8ec9c211-f1c9-4934-ac20-b344194cecb8/upload_info.pickle,0,False
/mnt/ASSAS/upload_test/8ed1d679-52c3-49ee-b03d-59ddd1f7f754,True,/mnt/ASSAS/upload_test/8ed1d679-52c3-49ee-b03d-59ddd1f7f754/upload_info.pickle,0,False
/mnt/ASSAS/upload_test/8ef54c66-1dee-4e18-8b7b-f3d839d10ec5,True,/mnt/ASSAS/upload_test/8ef54c66-1dee-4e18-8b7b-f3d839d10ec5/upload_info.pickle,0,False
/mnt/ASSAS/upload_test/8f20a321-5b4e-44ab-a70e-7ff9736549d9,True,/mnt/ASSAS/upload_test/8f20a321-5b4e-44ab-a70e-7ff9736549d9/upload_info.pickle,0,False
/mnt/ASSAS/upload_test/8f299925-2bac-4a1e-9fc9-3ebdace0d635,True,/mnt/ASSAS/upload_test/8f299925-2bac-4a1e-9fc9-3ebdace0d635/upload_info.pickle,0,False
/mnt/ASSAS/upload_test/8f5e3825-c35b-4f7e-bf21-46156104e88f,True,/mnt/ASSAS/upload_test/8f5e3825-c35b-4f7e-bf21-46156104e88f/upload_info.pickle,0,False
/mnt/ASSAS/upload_test/8f73e96b-03a1-4dca-aac5-9d21c49a533a,True,/mnt/ASSAS/upload_test/8f73e96b-03a1-4dca-aac5-9d21c49a533a/upload_info.pickle,0,False
/mnt/ASSAS/upload_test/8f8e96eb-c7a8-4f32-bfd4-0c9d01fc6a4e,True,/mnt/ASSAS/upload_test/8f8e96eb-c7a8-4f32-bfd4-0c9d01fc6a4e/upload_info.pickle,0,False
/mnt/ASSAS/upload_test/8fbae73d-e481-42f2-a174-1f7c900d5c9f,True,/mnt/ASSAS/upload_test/8fbae73d-e481-42f2-a174-1f7c900d5c9f/upload_info.pickle,0,False
/mnt/ASSAS/upload_test/8fc964c3-d68e-416c-9bb2-68b23f337b70,True,/mnt/ASSAS/upload_test/8fc964c3-d68e-416c-9bb2-68b23f337b70/upload_info.pickle,0,False
/mnt/ASSAS/upload_test/8fd625b6-fe86-4487-8d4a-770345be0d6d,True,/mnt/ASSAS/upload_test/8fd625b6-fe86-4487-8d4a-770345be0d6d/upload_info.pickle,0,False
/mnt/ASSAS/upload_test/8fe8247f-d84c-4dc0-91c9-250a35cadfc7,True,/mnt/ASSAS/upload_test/8fe8247f-d84c-4dc0-91c9-250a35cadfc7/upload_info.pickle,0,False
/mnt/ASSAS/upload_test/8ffed5c2-ea04-45b0-b0ff-b4f528177290,True,/mnt/ASSAS/upload_test/8ffed5c2-ea04-45b0-b0ff-b4f528177290/upload_info.pickle,0,False
/mnt/ASSAS/upload_test/90047e66-a42d-41cd-9403-4904a4d4bcdc,True,/mnt/ASSAS/upload_test/90047e66-a42d-41cd-9403-4904a4d4bcdc/upload_info.pickle,0,False
/mnt/ASSAS/upload_test/904dcdd0-c89c-4ecf-8cdf-847e0da0dd14,True,/mnt/ASSAS/upload_test/904dcdd0-c89c-4ecf-8cdf-847e0da0dd14/upload_info.pickle,0,False
/mnt/ASSAS/upload_test/9077a2ba-0b97-4225-9362-708f38efd606,True,/mnt/ASSAS/upload_test/9077a2ba-0b97-4225-9362-708f38efd606/upload_info.pickle,0,False
/mnt/ASSAS/upload_test/909c90d7-9ac7-4aa2-9a2f-10bffce763dd,True,/mnt/ASSAS/upload_test/909c90d7-9ac7-4aa2-9a2f-10bffce763dd/upload_info.pickle,0,False
/mnt/ASSAS/upload_test/90b96831-0e4f-438c-b116-cdef3162c45b,True,/mnt/ASSAS/upload_test/90b96831-0e4f-438c-b116-cdef3162c45b/upload_info.pickle,0,False
/mnt/ASSAS/upload_test/90bf5953-9d76-4ef5-84e0-d2d049311275,True,/mnt/ASSAS/upload_test/90bf5953-9d76-4ef5-84e0-d2d049311275/upload_info.pickle,0,False
/mnt/ASSAS/upload_test/90c4256f-487b-432c-b3f2-b8b4bde56b2d,True,/mnt/ASSAS/upload_test/90c4256f-487b-432c-b3f2-b8b4bde56b2d/upload_info.pickle,0,False
/mnt/ASSAS/upload_test/90edb406-823b-461d-af00-af12bc8bc1d7,True,/mnt/ASSAS/upload_test/90edb406-823b-461d-af00-af12bc8bc1d7/upload_info.pickle,0,False
/mnt/ASSAS/upload_test/9125e0df-86f3-482e-8e8e-98d1347fd62e,True,/mnt/ASSAS/upload_test/9125e0df-86f3-482e-8e8e-98d1347fd62e/upload_info.pickle,0,False
/mnt/ASSAS/upload_test/9146805d-92b9-4fc8-8fc3-c90b3fd988ac,True,/mnt/ASSAS/upload_test/9146805d-92b9-4fc8-8fc3-c90b3fd988ac/upload_info.pickle,0,False
/mnt/ASSAS/upload_test/914c59b5-fd23-42ad-9bb8-6f2a6c30fd33,True,/mnt/ASSAS/upload_test/914c59b5-fd23-42ad-9bb8-6f2a6c30fd33/upload_info.pickle,0,False
/mnt/ASSAS/upload_test/91b3149c-2c01-4337-a3e7-8975b82beb5b,True,/mnt/ASSAS/upload_test/91b3149c-2c01-4337-a3e7-8975b82beb5b/upload_info.pickle,0,False
/mnt/ASSAS/upload_test/91d135c7-e897-46c1-97ef-396de7098a8e,True,/mnt/ASSAS/upload_test/91d135c7-e897-46c1-97ef-396de7098a8e/upload_info.pickle,0,False
/mnt/ASSAS/upload_test/91f124ed-067a-4641-9296-875fa556a3e5,True,/mnt/ASSAS/upload_test/91f124ed-067a-4641-9296-875fa556a3e5/upload_info.pickle,0,False
/mnt/ASSAS/upload_test/924b7298-18f1-42b7-947e-6b2cdbae572a,True,/mnt/ASSAS/upload_test/924b7298-18f1-42b7-947e-6b2cdbae572a/upload_info.pickle,0,False
/mnt/ASSAS/upload_test/92c547fd-6cf1-4144-8998-326dc1e5e409,True,/mnt/ASSAS/upload_test/92c547fd-6cf1-4144-8998-326dc1e5e409/upload_info.pickle,0,False
/mnt/ASSAS/upload_test/92e050f5-21d9-41ba-9ce2-dd0a95db3160,True,/mnt/ASSAS/upload_test/92e050f5-21d9-41ba-9ce2-dd0a95db3160/upload_info.pickle,0,False
/mnt/ASSAS/upload_test/9312c714-818c-47e3-b548-36e182953569,True,/mnt/ASSAS/upload_test/9312c714-818c-47e3-b548-36e182953569/upload_info.pickle,0,False
/mnt/ASSAS/upload_test/935390b0-2d39-4f6f-856c-089cbbcc810a,True,/mnt/ASSAS/upload_test/935390b0-2d39-4f6f-856c-089cbbcc810a/upload_info.pickle,0,False
/mnt/ASSAS/upload_test/93b2c599-0b8b-4947-9d6e-e60f3fea591f,True,/mnt/ASSAS/upload_test/93b2c599-0b8b-4947-9d6e-e60f3fea591f/upload_info.pickle,0,False
/mnt/ASSAS/upload_test/93b3644f-f4be-4630-9545-349fdeb3b01c,True,/mnt/ASSAS/upload_test/93b3644f-f4be-4630-9545-349fdeb3b01c/upload_info.pickle,0,False
/mnt/ASSAS/upload_test/93bfd055-bb07-4433-952c-39aad004f7a0,True,/mnt/ASSAS/upload_test/93bfd055-bb07-4433-952c-39aad004f7a0/upload_info.pickle,0,False
/mnt/ASSAS/upload_test/93f7639a-d8ee-41ee-97ea-b998d88ff2a9,True,/mnt/ASSAS/upload_test/93f7639a-d8ee-41ee-97ea-b998d88ff2a9/upload_info.pickle,0,False
/mnt/ASSAS/upload_test/940c1cbd-472e-4a47-9afb-29f8fbae11c1,True,/mnt/ASSAS/upload_test/940c1cbd-472e-4a47-9afb-29f8fbae11c1/upload_info.pickle,0,False
/mnt/ASSAS/upload_test/942aa22a-45d9-4c80-899a-c393e8fc41f9,True,/mnt/ASSAS/upload_test/942aa22a-45d9-4c80-899a-c393e8fc41f9/upload_info.pickle,0,False
/mnt/ASSAS/upload_test/9442d083-3e11-426c-b66f-166cc997db85,True,/mnt/ASSAS/upload_test/9442d083-3e11-426c-b66f-166cc997db85/upload_info.pickle,0,False
/mnt/ASSAS/upload_test/946b3e8f-5e23-4ec5-9100-94f9acbbd023,True,/mnt/ASSAS/upload_test/946b3e8f-5e23-4ec5-9100-94f9acbbd023/upload_info.pickle,0,False
/mnt/ASSAS/upload_test/94723693-918e-4e33-a534-ae923b31a1f8,True,/mnt/ASSAS/upload_test/94723693-918e-4e33-a534-ae923b31a1f8/upload_info.pickle,0,False
/mnt/ASSAS/upload_test/947ad979-e3f5-4642-99bb-efa5cd55e95d,True,/mnt/ASSAS/upload_test/947ad979-e3f5-4642-99bb-efa5cd55e95d/upload_info.pickle,0,False
/mnt/ASSAS/upload_test/949cd9d0-e8cc-4b4e-a6f6-f7b5e912ee87,True,/mnt/ASSAS/upload_test/949cd9d0-e8cc-4b4e-a6f6-f7b5e912ee87/upload_info.pickle,0,False
/mnt/ASSAS/upload_test/94b8e857-641c-4983-9b9b-dfe331367bdd,True,/mnt/ASSAS/upload_test/94b8e857-641c-4983-9b9b-dfe331367bdd/upload_info.pickle,0,False
/mnt/ASSAS/upload_test/94c02036-1b25-4469-b74d-9d32a377333f,True,/mnt/ASSAS/upload_test/94c02036-1b25-4469-b74d-9d32a377333f/upload_info.pickle,0,False
/mnt/ASSAS/upload_test/94eab1a8-3977-4c5f-82ea-3b9eb122b344,True,/mnt/ASSAS/upload_test/94eab1a8-3977-4c5f-82ea-3b9eb122b344/upload_info.pickle,0,False
/mnt/ASSAS/upload_test/94fd11b7-6ef8-4335-bb9c-ef616efa545a,True,/mnt/ASSAS/upload_test/94fd11b7-6ef8-4335-bb9c-ef616efa545a/upload_info.pickle,0,False
/mnt/ASSAS/upload_test/9516598b-dad6-49ab-9c8d-030412bac69e,True,/mnt/ASSAS/upload_test/9516598b-dad6-49ab-9c8d-030412bac69e/upload_info.pickle,0,False
/mnt/ASSAS/upload_test/952c689c-64ec-494e-ab6f-02259ccae1cb,True,/mnt/ASSAS/upload_test/952c689c-64ec-494e-ab6f-02259ccae1cb/upload_info.pickle,0,False
/mnt/ASSAS/upload_test/95779526-0633-4cac-a002-af115dac6887,True,/mnt/ASSAS/upload_test/95779526-0633-4cac-a002-af115dac6887/upload_info.pickle,0,False
/mnt/ASSAS/upload_test/9595c0f2-2ecb-4fdd-95d0-8009a1a0ad39,True,/mnt/ASSAS/upload_test/9595c0f2-2ecb-4fdd-95d0-8009a1a0ad39/upload_info.pickle,0,False
/mnt/ASSAS/upload_test/95c8d197-600e-4c64-9eb4-06680ef970b1,True,/mnt/ASSAS/upload_test/95c8d197-600e-4c64-9eb4-06680ef970b1/upload_info.pickle,0,False
/mnt/ASSAS/upload_test/9612305a-7454-4670-a8aa-b6118b8c9210,True,/mnt/ASSAS/upload_test/9612305a-7454-4670-a8aa-b6118b8c9210/upload_info.pickle,0,False
/mnt/ASSAS/upload_test/964c3a34-fbf5-4782-b5de-58ecd384cb56,True,/mnt/ASSAS/upload_test/964c3a34-fbf5-4782-b5de-58ecd384cb56/upload_info.pickle,0,False
/mnt/ASSAS/upload_test/9660f85e-ed19-400f-952f-0ee36d4c50c6,True,/mnt/ASSAS/upload_test/9660f85e-ed19-400f-952f-0ee36d4c50c6/upload_info.pickle,0,False
/mnt/ASSAS/upload_test/96829ca9-6bb7-441e-b398-a985582607be,True,/mnt/ASSAS/upload_test/96829ca9-6bb7-441e-b398-a985582607be/upload_info.pickle,0,False
/mnt/ASSAS/upload_test/96ed36b2-e489-45dd-8342-8cdfe31d1077,True,/mnt/ASSAS/upload_test/96ed36b2-e489-45dd-8342-8cdfe31d1077/upload_info.pickle,0,False
/mnt/ASSAS/upload_test/96ffbd47-b9c2-4615-a93f-613683ce25c5,True,/mnt/ASSAS/upload_test/96ffbd47-b9c2-4615-a93f-613683ce25c5/upload_info.pickle,0,False
/mnt/ASSAS/upload_test/97398dfa-e939-4dbe-925a-c48f34ae4f82,True,/mnt/ASSAS/upload_test/97398dfa-e939-4dbe-925a-c48f34ae4f82/upload_info.pickle,0,False
/mnt/ASSAS/upload_test/9752b412-c181-4111-ac4c-0893e8639587,True,/mnt/ASSAS/upload_test/9752b412-c181-4111-ac4c-0893e8639587/upload_info.pickle,0,False
/mnt/ASSAS/upload_test/975654c8-4cae-4a49-ac5c-0a1a2926f286,True,/mnt/ASSAS/upload_test/975654c8-4cae-4a49-ac5c-0a1a2926f286/upload_info.pickle,0,False
/mnt/ASSAS/upload_test/9784cdb9-4018-4fb2-9fc0-35f206a6cadb,True,/mnt/ASSAS/upload_test/9784cdb9-4018-4fb2-9fc0-35f206a6cadb/upload_info.pickle,0,False
/mnt/ASSAS/upload_test/97982093-e866-4375-aec1-8fd3f801b5bc,True,/mnt/ASSAS/upload_test/97982093-e866-4375-aec1-8fd3f801b5bc/upload_info.pickle,0,False
/mnt/ASSAS/upload_test/97a10095-cc00-4623-88ce-ae74713562fd,True,/mnt/ASSAS/upload_test/97a10095-cc00-4623-88ce-ae74713562fd/upload_info.pickle,0,False
/mnt/ASSAS/upload_test/97a706c2-bf62-4103-b392-19843e9619f7,True,/mnt/ASSAS/upload_test/97a706c2-bf62-4103-b392-19843e9619f7/upload_info.pickle,0,False
/mnt/ASSAS/upload_test/98197257-43c5-4c2d-9f10-2d3621e07467,True,/mnt/ASSAS/upload_test/98197257-43c5-4c2d-9f10-2d3621e07467/upload_info.pickle,0,False
/mnt/ASSAS/upload_test/9823b614-2296-4a2a-865f-49744875db89,True,/mnt/ASSAS/upload_test/9823b614-2296-4a2a-865f-49744875db89/upload_info.pickle,0,False
/mnt/ASSAS/upload_test/984c36a6-0b5d-4324-814e-05d00703e6e2,True,/mnt/ASSAS/upload_test/984c36a6-0b5d-4324-814e-05d00703e6e2/upload_info.pickle,0,False
/mnt/ASSAS/upload_test/9865deac-465d-4349-b776-228539aadfef,True,/mnt/ASSAS/upload_test/9865deac-465d-4349-b776-228539aadfef/upload_info.pickle,0,False
/mnt/ASSAS/upload_test/98778851-3045-4471-b099-43a73a513e02,True,/mnt/ASSAS/upload_test/98778851-3045-4471-b099-43a73a513e02/upload_info.pickle,0,False
/mnt/ASSAS/upload_test/98ee1d5b-1f73-4021-aeab-13a85502f6f8,True,/mnt/ASSAS/upload_test/98ee1d5b-1f73-4021-aeab-13a85502f6f8/upload_info.pickle,0,False
/mnt/ASSAS/upload_test/991a2d36-ea6c-49b3-8430-6d0b484cb609,True,/mnt/ASSAS/upload_test/991a2d36-ea6c-49b3-8430-6d0b484cb609/upload_info.pickle,0,False
/mnt/ASSAS/upload_test/9923b116-d69b-414d-a0d3-3072fbaf9ac0,True,/mnt/ASSAS/upload_test/9923b116-d69b-414d-a0d3-3072fbaf9ac0/upload_info.pickle,0,False
/mnt/ASSAS/upload_test/993f0711-c04f-4d0a-8695-d476b76e5278,True,/mnt/ASSAS/upload_test/993f0711-c04f-4d0a-8695-d476b76e5278/upload_info.pickle,0,False
/mnt/ASSAS/upload_test/997ef4d3-2c23-4ea5-adab-46a1e628e95e,True,/mnt/ASSAS/upload_test/997ef4d3-2c23-4ea5-adab-46a1e628e95e/upload_info.pickle,0,False
/mnt/ASSAS/upload_test/997faab9-0d47-4f33-ad7b-5f9f2c4674b8,True,/mnt/ASSAS/upload_test/997faab9-0d47-4f33-ad7b-5f9f2c4674b8/upload_info.pickle,0,False
/mnt/ASSAS/upload_test/998b6577-09fb-4779-bbf1-5b3b8b76ef70,True,/mnt/ASSAS/upload_test/998b6577-09fb-4779-bbf1-5b3b8b76ef70/upload_info.pickle,0,False
/mnt/ASSAS/upload_test/99a0beb9-2ced-48ca-af5e-d5a590ce103e,True,/mnt/ASSAS/upload_test/99a0beb9-2ced-48ca-af5e-d5a590ce103e/upload_info.pickle,0,False
/mnt/ASSAS/upload_test/99a6575f-b837-44a6-a7e6-7e59ea678017,True,/mnt/ASSAS/upload_test/99a6575f-b837-44a6-a7e6-7e59ea678017/upload_info.pickle,0,False
/mnt/ASSAS/upload_test/99b421bb-d7f2-448c-8d85-19261287771f,True,/mnt/ASSAS/upload_test/99b421bb-d7f2-448c-8d85-19261287771f/upload_info.pickle,0,False
/mnt/ASSAS/upload_test/99c0fc0a-5e03-4f91-bc96-83ef86a6ef21,True,/mnt/ASSAS/upload_test/99c0fc0a-5e03-4f91-bc96-83ef86a6ef21/upload_info.pickle,0,False
/mnt/ASSAS/upload_test/99ef54ff-563b-4e71-a05a-3952aaf056ae,True,/mnt/ASSAS/upload_test/99ef54ff-563b-4e71-a05a-3952aaf056ae/upload_info.pickle,0,False
/mnt/ASSAS/upload_test/9a196c37-8aa2-4437-94b6-56637e241805,True,/mnt/ASSAS/upload_test/9a196c37-8aa2-4437-94b6-56637e241805/upload_info.pickle,0,False
/mnt/ASSAS/upload_test/9a299093-8d7e-4997-9d4a-6363522076c4,True,/mnt/ASSAS/upload_test/9a299093-8d7e-4997-9d4a-6363522076c4/upload_info.pickle,0,False
/mnt/ASSAS/upload_test/9a52000a-9c29-447b-8c95-fd11b81cfca7,True,/mnt/ASSAS/upload_test/9a52000a-9c29-447b-8c95-fd11b81cfca7/upload_info.pickle,0,False
/mnt/ASSAS/upload_test/9aac6719-d875-42ba-a9d3-bb4522295f5b,True,/mnt/ASSAS/upload_test/9aac6719-d875-42ba-a9d3-bb4522295f5b/upload_info.pickle,0,False
/mnt/ASSAS/upload_test/9b8bdbe5-a158-4f53-98b8-d875194b23d1,True,/mnt/ASSAS/upload_test/9b8bdbe5-a158-4f53-98b8-d875194b23d1/upload_info.pickle,0,False
/mnt/ASSAS/upload_test/9badcb0c-6c9a-4441-bdd0-920de1f6a508,True,/mnt/ASSAS/upload_test/9badcb0c-6c9a-4441-bdd0-920de1f6a508/upload_info.pickle,0,False
/mnt/ASSAS/upload_test/9bb86782-c3a3-4f2c-bda5-d1c3f5bade0c,True,/mnt/ASSAS/upload_test/9bb86782-c3a3-4f2c-bda5-d1c3f5bade0c/upload_info.pickle,0,False
/mnt/ASSAS/upload_test/9bd9f963-af8e-4e0e-96a8-d4aff3965a4d,True,/mnt/ASSAS/upload_test/9bd9f963-af8e-4e0e-96a8-d4aff3965a4d/upload_info.pickle,0,False
/mnt/ASSAS/upload_test/9beaba04-4a3a-4ae2-aae1-dd33b8e47993,True,/mnt/ASSAS/upload_test/9beaba04-4a3a-4ae2-aae1-dd33b8e47993/upload_info.pickle,0,False
/mnt/ASSAS/upload_test/9beef2b1-c00b-4068-8224-5822724cd73a,True,/mnt/ASSAS/upload_test/9beef2b1-c00b-4068-8224-5822724cd73a/upload_info.pickle,0,False
/mnt/ASSAS/upload_test/9c17b811-5eab-4cf1-9fa9-2ff8787cc0ab,True,/mnt/ASSAS/upload_test/9c17b811-5eab-4cf1-9fa9-2ff8787cc0ab/upload_info.pickle,0,False
/mnt/ASSAS/upload_test/9c181529-7a0a-4912-a7ad-8985b00e3429,True,/mnt/ASSAS/upload_test/9c181529-7a0a-4912-a7ad-8985b00e3429/upload_info.pickle,0,False
/mnt/ASSAS/upload_test/9c1e755d-9203-4616-bf07-4d6a724d3056,True,/mnt/ASSAS/upload_test/9c1e755d-9203-4616-bf07-4d6a724d3056/upload_info.pickle,0,False
/mnt/ASSAS/upload_test/9c241186-c422-45b3-9ead-46a94b22ed57,True,/mnt/ASSAS/upload_test/9c241186-c422-45b3-9ead-46a94b22ed57/upload_info.pickle,0,False
/mnt/ASSAS/upload_test/9c2635ef-d790-4931-afac-e49c65bbc450,True,/mnt/ASSAS/upload_test/9c2635ef-d790-4931-afac-e49c65bbc450/upload_info.pickle,0,False
/mnt/ASSAS/upload_test/9c2a035a-6641-4b2b-8f17-c8bb1c940053,True,/mnt/ASSAS/upload_test/9c2a035a-6641-4b2b-8f17-c8bb1c940053/upload_info.pickle,0,False
/mnt/ASSAS/upload_test/9ca72b2a-56ff-494d-967d-3e1491f21ccf,True,/mnt/ASSAS/upload_test/9ca72b2a-56ff-494d-967d-3e1491f21ccf/upload_info.pickle,0,False
/mnt/ASSAS/upload_test/9cb42dcd-cb21-4d88-a054-828488cee229,True,/mnt/ASSAS/upload_test/9cb42dcd-cb21-4d88-a054-828488cee229/upload_info.pickle,0,False
/mnt/ASSAS/upload_test/9cc52984-c74c-49e4-b8f8-466afacfbd4e,True,/mnt/ASSAS/upload_test/9cc52984-c74c-49e4-b8f8-466afacfbd4e/upload_info.pickle,0,False
/mnt/ASSAS/upload_test/9cd1961f-0af0-4756-826f-619b568d6a7b,True,/mnt/ASSAS/upload_test/9cd1961f-0af0-4756-826f-619b568d6a7b/upload_info.pickle,0,False
/mnt/ASSAS/upload_test/9d2a87ef-9019-4037-8796-e4dc3f6980f5,True,/mnt/ASSAS/upload_test/9d2a87ef-9019-4037-8796-e4dc3f6980f5/upload_info.pickle,0,False
/mnt/ASSAS/upload_test/9d3eb146-0286-4fa9-8136-9b561f3acbd2,True,/mnt/ASSAS/upload_test/9d3eb146-0286-4fa9-8136-9b561f3acbd2/upload_info.pickle,0,False
/mnt/ASSAS/upload_test/9d4c04d8-2ee6-4bf3-aa91-b54804546519,True,/mnt/ASSAS/upload_test/9d4c04d8-2ee6-4bf3-aa91-b54804546519/upload_info.pickle,0,False
/mnt/ASSAS/upload_test/9d8cbfcf-812d-4ca2-a239-f8511c642a00,True,/mnt/ASSAS/upload_test/9d8cbfcf-812d-4ca2-a239-f8511c642a00/upload_info.pickle,0,False
/mnt/ASSAS/upload_test/9e205ba7-82a3-4dc3-aef9-738be5f58510,True,/mnt/ASSAS/upload_test/9e205ba7-82a3-4dc3-aef9-738be5f58510/upload_info.pickle,0,False
/mnt/ASSAS/upload_test/9e54b369-abda-4468-a3b3-8782207453d6,True,/mnt/ASSAS/upload_test/9e54b369-abda-4468-a3b3-8782207453d6/upload_info.pickle,0,False
/mnt/ASSAS/upload_test/9e6a8e1a-2891-4dc5-b89a-e99cbad5e1e1,True,/mnt/ASSAS/upload_test/9e6a8e1a-2891-4dc5-b89a-e99cbad5e1e1/upload_info.pickle,0,False
/mnt/ASSAS/upload_test/9eafd3e0-8a79-418a-9422-d1abe679ff7d,True,/mnt/ASSAS/upload_test/9eafd3e0-8a79-418a-9422-d1abe679ff7d/upload_info.pickle,0,False
/mnt/ASSAS/upload_test/9eb7aa62-b234-4e6b-90d2-4d8d0dc0cd68,True,/mnt/ASSAS/upload_test/9eb7aa62-b234-4e6b-90d2-4d8d0dc0cd68/upload_info.pickle,0,False
/mnt/ASSAS/upload_test/9f15253e-6363-46a6-960a-777485ecbc1d,True,/mnt/ASSAS/upload_test/9f15253e-6363-46a6-960a-777485ecbc1d/upload_info.pickle,0,False
/mnt/ASSAS/upload_test/9f7a7de4-56c8-48e0-84fa-ea4a32e2a6c9,True,/mnt/ASSAS/upload_test/9f7a7de4-56c8-48e0-84fa-ea4a32e2a6c9/upload_info.pickle,0,False
/mnt/ASSAS/upload_test/9fa696c9-9b66-48c0-9b11-cf2346a2f9d6,True,/mnt/ASSAS/upload_test/9fa696c9-9b66-48c0-9b11-cf2346a2f9d6/upload_info.pickle,0,False
/mnt/ASSAS/upload_test/9fb9a7ff-93cc-44ff-ae5f-53f946d25d1d,True,/mnt/ASSAS/upload_test/9fb9a7ff-93cc-44ff-ae5f-53f946d25d1d/upload_info.pickle,0,False
/mnt/ASSAS/upload_test/9fc7eb2a-2c6e-4ccc-bbd0-2e17e6a8a0f8,True,/mnt/ASSAS/upload_test/9fc7eb2a-2c6e-4ccc-bbd0-2e17e6a8a0f8/upload_info.pickle,0,False
/mnt/ASSAS/upload_test/a000cd72-d10a-4336-9d40-d06905b66b19,True,/mnt/ASSAS/upload_test/a000cd72-d10a-4336-9d40-d06905b66b19/upload_info.pickle,0,False
/mnt/ASSAS/upload_test/a03d90d2-7b0e-4f65-a8ed-cd44871d7d98,True,/mnt/ASSAS/upload_test/a03d90d2-7b0e-4f65-a8ed-cd44871d7d98/upload_info.pickle,0,False
/mnt/ASSAS/upload_test/a054a490-e6ef-4c21-b3a2-a9d29133652b,True,/mnt/ASSAS/upload_test/a054a490-e6ef-4c21-b3a2-a9d29133652b/upload_info.pickle,0,False
/mnt/ASSAS/upload_test/a0b18de2-ca7a-4cd6-a63c-8b8e8454656f,True,/mnt/ASSAS/upload_test/a0b18de2-ca7a-4cd6-a63c-8b8e8454656f/upload_info.pickle,0,False
/mnt/ASSAS/upload_test/a0b2c177-6c2d-42bb-9f39-a218c0648a6c,True,/mnt/ASSAS/upload_test/a0b2c177-6c2d-42bb-9f39-a218c0648a6c/upload_info.pickle,0,False
/mnt/ASSAS/upload_test/a0e2cc63-abdd-402b-af55-265d716be2e7,True,/mnt/ASSAS/upload_test/a0e2cc63-abdd-402b-af55-265d716be2e7/upload_info.pickle,0,False
/mnt/ASSAS/upload_test/a0f5442c-93b5-4aed-aaab-5050d6a78b84,True,/mnt/ASSAS/upload_test/a0f5442c-93b5-4aed-aaab-5050d6a78b84/upload_info.pickle,0,False
/mnt/ASSAS/upload_test/a16db30c-9eb5-4548-a589-f7ed64b4c058,True,/mnt/ASSAS/upload_test/a16db30c-9eb5-4548-a589-f7ed64b4c058/upload_info.pickle,0,False
/mnt/ASSAS/upload_test/a1730f8c-95f2-4370-91e7-6c57ff35be5c,True,/mnt/ASSAS/upload_test/a1730f8c-95f2-4370-91e7-6c57ff35be5c/upload_info.pickle,0,False
/mnt/ASSAS/upload_test/a249dc3c-8dc7-40e6-8b82-34fb86a147b2,True,/mnt/ASSAS/upload_test/a249dc3c-8dc7-40e6-8b82-34fb86a147b2/upload_info.pickle,0,False
/mnt/ASSAS/upload_test/a258aca5-c73d-4c9f-b6a5-0e5f64931060,True,/mnt/ASSAS/upload_test/a258aca5-c73d-4c9f-b6a5-0e5f64931060/upload_info.pickle,0,False
/mnt/ASSAS/upload_test/a2a06bd4-0d69-470d-9fed-5c7d97dd152b,True,/mnt/ASSAS/upload_test/a2a06bd4-0d69-470d-9fed-5c7d97dd152b/upload_info.pickle,0,False
/mnt/ASSAS/upload_test/a3021e68-7202-436f-beef-fe28ac67ee1d,True,/mnt/ASSAS/upload_test/a3021e68-7202-436f-beef-fe28ac67ee1d/upload_info.pickle,0,False
/mnt/ASSAS/upload_test/a34fb370-a921-4841-b489-7ba3210965a5,True,/mnt/ASSAS/upload_test/a34fb370-a921-4841-b489-7ba3210965a5/upload_info.pickle,0,False
/mnt/ASSAS/upload_test/a357354b-3644-4f30-b6d8-4f4789194aef,True,/mnt/ASSAS/upload_test/a357354b-3644-4f30-b6d8-4f4789194aef/upload_info.pickle,0,False
/mnt/ASSAS/upload_test/a3a24d15-790b-429b-b955-9d9b15bbc781,True,/mnt/ASSAS/upload_test/a3a24d15-790b-429b-b955-9d9b15bbc781/upload_info.pickle,0,False
/mnt/ASSAS/upload_test/a3bc1541-0fdb-46a6-8a20-a55dc5f13113,True,/mnt/ASSAS/upload_test/a3bc1541-0fdb-46a6-8a20-a55dc5f13113/upload_info.pickle,0,False
/mnt/ASSAS/upload_test/a3f964a7-7029-45fa-807a-7655e2e829c4,True,/mnt/ASSAS/upload_test/a3f964a7-7029-45fa-807a-7655e2e829c4/upload_info.pickle,0,False
/mnt/ASSAS/upload_test/a4046f9e-b3aa-4c91-a8d0-5e9cf2621375,True,/mnt/ASSAS/upload_test/a4046f9e-b3aa-4c91-a8d0-5e9cf2621375/upload_info.pickle,0,False
/mnt/ASSAS/upload_test/a4295db9-a7af-4fdc-a129-66c9c14117e4,True,/mnt/ASSAS/upload_test/a4295db9-a7af-4fdc-a129-66c9c14117e4/upload_info.pickle,0,False
/mnt/ASSAS/upload_test/a448d733-82af-48bb-b291-21e381613622,True,/mnt/ASSAS/upload_test/a448d733-82af-48bb-b291-21e381613622/upload_info.pickle,0,False
/mnt/ASSAS/upload_test/a45b2197-121e-4846-ad15-a53fc8b2fb93,True,/mnt/ASSAS/upload_test/a45b2197-121e-4846-ad15-a53fc8b2fb93/upload_info.pickle,0,False
/mnt/ASSAS/upload_test/a4943485-f070-4e72-9ce5-5941406732e3,True,/mnt/ASSAS/upload_test/a4943485-f070-4e72-9ce5-5941406732e3/upload_info.pickle,0,False
/mnt/ASSAS/upload_test/a4c91f60-5905-49c8-8e97-88ab2516ec7c,True,/mnt/ASSAS/upload_test/a4c91f60-5905-49c8-8e97-88ab2516ec7c/upload_info.pickle,0,False
/mnt/ASSAS/upload_test/a4d692ec-227d-428a-aace-a9d2c324616b,True,/mnt/ASSAS/upload_test/a4d692ec-227d-428a-aace-a9d2c324616b/upload_info.pickle,0,False
/mnt/ASSAS/upload_test/a4d85f5f-b44d-4d74-90d7-c67571f0d8ee,True,/mnt/ASSAS/upload_test/a4d85f5f-b44d-4d74-90d7-c67571f0d8ee/upload_info.pickle,0,False
/mnt/ASSAS/upload_test/a4fe65e2-d44c-4302-a640-ff13f4982170,True,/mnt/ASSAS/upload_test/a4fe65e2-d44c-4302-a640-ff13f4982170/upload_info.pickle,0,False
/mnt/ASSAS/upload_test/a51b1663-1405-4bba-a7cc-86810ce27a5c,True,/mnt/ASSAS/upload_test/a51b1663-1405-4bba-a7cc-86810ce27a5c/upload_info.pickle,0,False
/mnt/ASSAS/upload_test/a530e695-3fbb-4e8c-87af-1eb59370d6d1,True,/mnt/ASSAS/upload_test/a530e695-3fbb-4e8c-87af-1eb59370d6d1/upload_info.pickle,0,False
/mnt/ASSAS/upload_test/a547b02f-892d-4afb-abac-a29f81a6a9b8,True,/mnt/ASSAS/upload_test/a547b02f-892d-4afb-abac-a29f81a6a9b8/upload_info.pickle,0,False
/mnt/ASSAS/upload_test/a5681932-b002-4a9b-9c2e-007c661501c3,True,/mnt/ASSAS/upload_test/a5681932-b002-4a9b-9c2e-007c661501c3/upload_info.pickle,0,False
/mnt/ASSAS/upload_test/a56df2f3-c514-4916-a0ea-d5de1a597bbb,True,/mnt/ASSAS/upload_test/a56df2f3-c514-4916-a0ea-d5de1a597bbb/upload_info.pickle,0,False
/mnt/ASSAS/upload_test/a58e3192-7599-4375-984a-7b0d52fd7915,True,/mnt/ASSAS/upload_test/a58e3192-7599-4375-984a-7b0d52fd7915/upload_info.pickle,0,False
/mnt/ASSAS/upload_test/a58e5b99-3637-4de4-addd-70724a1e293d,True,/mnt/ASSAS/upload_test/a58e5b99-3637-4de4-addd-70724a1e293d/upload_info.pickle,0,False
/mnt/ASSAS/upload_test/a593b08e-9e65-4e25-b8d6-61b1b4b5bd30,True,/mnt/ASSAS/upload_test/a593b08e-9e65-4e25-b8d6-61b1b4b5bd30/upload_info.pickle,0,False
/mnt/ASSAS/upload_test/a5ee5482-43ab-4e30-87a1-f70f4638a619,True,/mnt/ASSAS/upload_test/a5ee5482-43ab-4e30-87a1-f70f4638a619/upload_info.pickle,0,False
/mnt/ASSAS/upload_test/a6228786-96fd-4449-aa6c-d0e594b5db31,True,/mnt/ASSAS/upload_test/a6228786-96fd-4449-aa6c-d0e594b5db31/upload_info.pickle,0,False
/mnt/ASSAS/upload_test/a6472902-6f86-478d-b807-340ec75aed4e,True,/mnt/ASSAS/upload_test/a6472902-6f86-478d-b807-340ec75aed4e/upload_info.pickle,0,False
/mnt/ASSAS/upload_test/a73aa365-da17-4c88-ac79-a7d50b59ee9f,True,/mnt/ASSAS/upload_test/a73aa365-da17-4c88-ac79-a7d50b59ee9f/upload_info.pickle,0,False
/mnt/ASSAS/upload_test/a78048e5-d7df-4424-acc1-002e8b94926d,True,/mnt/ASSAS/upload_test/a78048e5-d7df-4424-acc1-002e8b94926d/upload_info.pickle,0,False
/mnt/ASSAS/upload_test/a78ab305-74fe-47a1-b4aa-4a1873b4ab0c,True,/mnt/ASSAS/upload_test/a78ab305-74fe-47a1-b4aa-4a1873b4ab0c/upload_info.pickle,0,False
/mnt/ASSAS/upload_test/a7952dbf-d741-49e9-aa0a-c58231615a36,True,/mnt/ASSAS/upload_test/a7952dbf-d741-49e9-aa0a-c58231615a36/upload_info.pickle,0,False
/mnt/ASSAS/upload_test/a796cabd-1e10-4850-9b48-ebbf4842afb6,True,/mnt/ASSAS/upload_test/a796cabd-1e10-4850-9b48-ebbf4842afb6/upload_info.pickle,0,False
/mnt/ASSAS/upload_test/a8038391-ce2f-4a09-9f92-466427fca1e6,True,/mnt/ASSAS/upload_test/a8038391-ce2f-4a09-9f92-466427fca1e6/upload_info.pickle,0,False
/mnt/ASSAS/upload_test/a82baf9a-38d2-4301-a41a-7b6b4464da15,True,/mnt/ASSAS/upload_test/a82baf9a-38d2-4301-a41a-7b6b4464da15/upload_info.pickle,0,False
/mnt/ASSAS/upload_test/a8889095-0758-41af-b2ac-47e0ad29e4b6,True,/mnt/ASSAS/upload_test/a8889095-0758-41af-b2ac-47e0ad29e4b6/upload_info.pickle,0,False
/mnt/ASSAS/upload_test/a8ae8e84-7130-42ab-9e7d-b7c6bbfec527,True,/mnt/ASSAS/upload_test/a8ae8e84-7130-42ab-9e7d-b7c6bbfec527/upload_info.pickle,0,False
/mnt/ASSAS/upload_test/a8e144e8-467a-4662-8015-6b4142d0a787,True,/mnt/ASSAS/upload_test/a8e144e8-467a-4662-8015-6b4142d0a787/upload_info.pickle,0,False
/mnt/ASSAS/upload_test/a8f44e69-d85d-41a3-a9a7-cce3e4d61d9b,True,/mnt/ASSAS/upload_test/a8f44e69-d85d-41a3-a9a7-cce3e4d61d9b/upload_info.pickle,0,False
/mnt/ASSAS/upload_test/a93abfa4-8318-438b-b982-b6f6219871fa,True,/mnt/ASSAS/upload_test/a93abfa4-8318-438b-b982-b6f6219871fa/upload_info.pickle,0,False
/mnt/ASSAS/upload_test/a968aeea-9031-4c8b-907e-ba0c5aae8862,True,/mnt/ASSAS/upload_test/a968aeea-9031-4c8b-907e-ba0c5aae8862/upload_info.pickle,0,False
/mnt/ASSAS/upload_test/a98af0b2-d6f1-4c5b-9e06-baa75e0c391c,True,/mnt/ASSAS/upload_test/a98af0b2-d6f1-4c5b-9e06-baa75e0c391c/upload_info.pickle,0,False
/mnt/ASSAS/upload_test/a9f38707-72f8-4a04-b0db-eebea5a852f9,True,/mnt/ASSAS/upload_test/a9f38707-72f8-4a04-b0db-eebea5a852f9/upload_info.pickle,0,False
/mnt/ASSAS/upload_test/aa2d384a-a58c-4191-8504-abe2f2a1d96c,True,/mnt/ASSAS/upload_test/aa2d384a-a58c-4191-8504-abe2f2a1d96c/upload_info.pickle,0,False
/mnt/ASSAS/upload_test/aa7aadc2-0a6c-4bce-a40f-d77485076971,True,/mnt/ASSAS/upload_test/aa7aadc2-0a6c-4bce-a40f-d77485076971/upload_info.pickle,0,False
/mnt/ASSAS/upload_test/aa98c920-8ea5-4995-aa6a-f91e2987f008,True,/mnt/ASSAS/upload_test/aa98c920-8ea5-4995-aa6a-f91e2987f008/upload_info.pickle,0,False
/mnt/ASSAS/upload_test/aaa7a4f8-74cf-4ae1-aab9-5a009d56fabb,True,/mnt/ASSAS/upload_test/aaa7a4f8-74cf-4ae1-aab9-5a009d56fabb/upload_info.pickle,0,False
/mnt/ASSAS/upload_test/aaa868df-a131-40f5-b1c5-27463eceef69,True,/mnt/ASSAS/upload_test/aaa868df-a131-40f5-b1c5-27463eceef69/upload_info.pickle,0,False
/mnt/ASSAS/upload_test/aaaf455b-6484-4c1e-8373-d24e6811d848,True,/mnt/ASSAS/upload_test/aaaf455b-6484-4c1e-8373-d24e6811d848/upload_info.pickle,0,False
/mnt/ASSAS/upload_test/aabd653a-b3dd-41f5-82e4-714c754f4330,True,/mnt/ASSAS/upload_test/aabd653a-b3dd-41f5-82e4-714c754f4330/upload_info.pickle,0,False
/mnt/ASSAS/upload_test/ab258f49-a5c4-4086-852d-cbbe51c58623,True,/mnt/ASSAS/upload_test/ab258f49-a5c4-4086-852d-cbbe51c58623/upload_info.pickle,0,False
/mnt/ASSAS/upload_test/ab3d425c-40e7-4a04-bac8-4fbb69ade03c,True,/mnt/ASSAS/upload_test/ab3d425c-40e7-4a04-bac8-4fbb69ade03c/upload_info.pickle,0,False
/mnt/ASSAS/upload_test/ab428e43-4b0c-4ce8-91da-4e632425b893,True,/mnt/ASSAS/upload_test/ab428e43-4b0c-4ce8-91da-4e632425b893/upload_info.pickle,0,False
/mnt/ASSAS/upload_test/ab68efcc-42e2-4a8e-be80-551cb01552e5,True,/mnt/ASSAS/upload_test/ab68efcc-42e2-4a8e-be80-551cb01552e5/upload_info.pickle,0,False
/mnt/ASSAS/upload_test/ab76cb56-6a79-47d2-98ee-cb9bb82bdca2,True,/mnt/ASSAS/upload_test/ab76cb56-6a79-47d2-98ee-cb9bb82bdca2/upload_info.pickle,0,False
/mnt/ASSAS/upload_test/ab7a4538-8afa-459f-bd57-ff525797edb6,True,/mnt/ASSAS/upload_test/ab7a4538-8afa-459f-bd57-ff525797edb6/upload_info.pickle,0,False
/mnt/ASSAS/upload_test/abb7abc5-3261-44ef-b51f-3a6fdec9d6a3,True,/mnt/ASSAS/upload_test/abb7abc5-3261-44ef-b51f-3a6fdec9d6a3/upload_info.pickle,0,False
/mnt/ASSAS/upload_test/abb88291-35e3-4e83-b132-7b9ad654ad5b,True,/mnt/ASSAS/upload_test/abb88291-35e3-4e83-b132-7b9ad654ad5b/upload_info.pickle,0,False
/mnt/ASSAS/upload_test/abbd3b78-97f6-49f5-8648-5441f967b8d4,True,/mnt/ASSAS/upload_test/abbd3b78-97f6-49f5-8648-5441f967b8d4/upload_info.pickle,0,False
/mnt/ASSAS/upload_test/abe19c17-1e8e-4cb4-a64a-5de6f6103e9f,True,/mnt/ASSAS/upload_test/abe19c17-1e8e-4cb4-a64a-5de6f6103e9f/upload_info.pickle,0,False
/mnt/ASSAS/upload_test/abfb47d4-dd47-4cfe-9357-0d3b531932a8,True,/mnt/ASSAS/upload_test/abfb47d4-dd47-4cfe-9357-0d3b531932a8/upload_info.pickle,0,False
/mnt/ASSAS/upload_test/ac1ca425-9926-4849-865e-10ab512abba4,True,/mnt/ASSAS/upload_test/ac1ca425-9926-4849-865e-10ab512abba4/upload_info.pickle,0,False
/mnt/ASSAS/upload_test/ac3d2b78-e9dc-4115-bd1d-35dcbca58607,True,/mnt/ASSAS/upload_test/ac3d2b78-e9dc-4115-bd1d-35dcbca58607/upload_info.pickle,0,False
/mnt/ASSAS/upload_test/ac3f8f44-de4b-4481-9399-b37d66105ea6,True,/mnt/ASSAS/upload_test/ac3f8f44-de4b-4481-9399-b37d66105ea6/upload_info.pickle,0,False
/mnt/ASSAS/upload_test/ac7ef639-6f79-4466-90b8-01c72548e471,True,/mnt/ASSAS/upload_test/ac7ef639-6f79-4466-90b8-01c72548e471/upload_info.pickle,0,False
/mnt/ASSAS/upload_test/acd6ed9a-b9cc-43fe-82fb-3d20abdc1707,True,/mnt/ASSAS/upload_test/acd6ed9a-b9cc-43fe-82fb-3d20abdc1707/upload_info.pickle,0,False
/mnt/ASSAS/upload_test/ace4aa88-6e4a-44b1-905c-fd7828b7dde3,True,/mnt/ASSAS/upload_test/ace4aa88-6e4a-44b1-905c-fd7828b7dde3/upload_info.pickle,0,False
/mnt/ASSAS/upload_test/acf94f2c-8faf-4966-80eb-a6843d30b589,True,/mnt/ASSAS/upload_test/acf94f2c-8faf-4966-80eb-a6843d30b589/upload_info.pickle,0,False
/mnt/ASSAS/upload_test/ad0db1c7-6e2c-4561-a582-89a0344accea,True,/mnt/ASSAS/upload_test/ad0db1c7-6e2c-4561-a582-89a0344accea/upload_info.pickle,0,False
/mnt/ASSAS/upload_test/ad33a3fa-664f-42ab-977f-434d32ffb42c,True,/mnt/ASSAS/upload_test/ad33a3fa-664f-42ab-977f-434d32ffb42c/upload_info.pickle,0,False
/mnt/ASSAS/upload_test/ad3536dd-e0ac-439e-a677-663a32efad47,True,/mnt/ASSAS/upload_test/ad3536dd-e0ac-439e-a677-663a32efad47/upload_info.pickle,0,False
/mnt/ASSAS/upload_test/ad83e747-c8dc-4461-8035-5dd1f543c0cf,True,/mnt/ASSAS/upload_test/ad83e747-c8dc-4461-8035-5dd1f543c0cf/upload_info.pickle,0,False
/mnt/ASSAS/upload_test/adbb0131-2445-4884-a645-ecfd5da8a459,True,/mnt/ASSAS/upload_test/adbb0131-2445-4884-a645-ecfd5da8a459/upload_info.pickle,0,False
/mnt/ASSAS/upload_test/addd9d46-c3b0-4d10-be88-121260fb0e03,True,/mnt/ASSAS/upload_test/addd9d46-c3b0-4d10-be88-121260fb0e03/upload_info.pickle,0,False
/mnt/ASSAS/upload_test/ade52df6-1793-46c6-925a-febd32432981,True,/mnt/ASSAS/upload_test/ade52df6-1793-46c6-925a-febd32432981/upload_info.pickle,0,False
/mnt/ASSAS/upload_test/ae03dd1e-ee62-4e79-980b-9ac0ffac2db5,True,/mnt/ASSAS/upload_test/ae03dd1e-ee62-4e79-980b-9ac0ffac2db5/upload_info.pickle,0,False
/mnt/ASSAS/upload_test/ae396eb3-cd8d-4e57-9867-e9a2f07e6c05,True,/mnt/ASSAS/upload_test/ae396eb3-cd8d-4e57-9867-e9a2f07e6c05/upload_info.pickle,0,False
/mnt/ASSAS/upload_test/ae511d93-37ac-4d25-90d1-38fef2c290e4,True,/mnt/ASSAS/upload_test/ae511d93-37ac-4d25-90d1-38fef2c290e4/upload_info.pickle,0,False
/mnt/ASSAS/upload_test/ae56f226-c3de-4a59-89b3-a95cf9fbedc8,True,/mnt/ASSAS/upload_test/ae56f226-c3de-4a59-89b3-a95cf9fbedc8/upload_info.pickle,0,False
/mnt/ASSAS/upload_test/ae75e914-e132-4a87-a0c0-127621fd285e,True,/mnt/ASSAS/upload_test/ae75e914-e132-4a87-a0c0-127621fd285e/upload_info.pickle,0,False
/mnt/ASSAS/upload_test/ae9c06be-fe30-41c1-a6f7-3eafde2c7481,True,/mnt/ASSAS/upload_test/ae9c06be-fe30-41c1-a6f7-3eafde2c7481/upload_info.pickle,0,False
/mnt/ASSAS/upload_test/aeab7ed9-78ff-471a-b698-fd3c6485616e,True,/mnt/ASSAS/upload_test/aeab7ed9-78ff-471a-b698-fd3c6485616e/upload_info.pickle,0,False
/mnt/ASSAS/upload_test/aeb0bf13-dd65-4866-a6b4-22d75af8c9a9,True,/mnt/ASSAS/upload_test/aeb0bf13-dd65-4866-a6b4-22d75af8c9a9/upload_info.pickle,0,False
/mnt/ASSAS/upload_test/aece3d91-e4b8-4959-b1d3-5e3545788558,True,/mnt/ASSAS/upload_test/aece3d91-e4b8-4959-b1d3-5e3545788558/upload_info.pickle,0,False
/mnt/ASSAS/upload_test/aed9d215-7359-4877-84e8-e1f883592c3b,True,/mnt/ASSAS/upload_test/aed9d215-7359-4877-84e8-e1f883592c3b/upload_info.pickle,0,False
/mnt/ASSAS/upload_test/af071625-ffae-4f32-b49f-b782049d295f,True,/mnt/ASSAS/upload_test/af071625-ffae-4f32-b49f-b782049d295f/upload_info.pickle,0,False
/mnt/ASSAS/upload_test/af5d0756-7b99-421a-96bc-628c71d19de7,True,/mnt/ASSAS/upload_test/af5d0756-7b99-421a-96bc-628c71d19de7/upload_info.pickle,0,False
/mnt/ASSAS/upload_test/af623060-424d-4bb9-85d2-980d2d48dcad,True,/mnt/ASSAS/upload_test/af623060-424d-4bb9-85d2-980d2d48dcad/upload_info.pickle,0,False
/mnt/ASSAS/upload_test/af706526-ea07-43d1-a9aa-34b7881b0747,True,/mnt/ASSAS/upload_test/af706526-ea07-43d1-a9aa-34b7881b0747/upload_info.pickle,0,False
/mnt/ASSAS/upload_test/afa07070-5a81-471c-aca8-03d93e345669,True,/mnt/ASSAS/upload_test/afa07070-5a81-471c-aca8-03d93e345669/upload_info.pickle,0,False
/mnt/ASSAS/upload_test/afe94105-e0ba-4764-b6ca-c6befde93799,True,/mnt/ASSAS/upload_test/afe94105-e0ba-4764-b6ca-c6befde93799/upload_info.pickle,0,False
/mnt/ASSAS/upload_test/b01a59ba-07f3-404a-b597-8a36e27cc632,True,/mnt/ASSAS/upload_test/b01a59ba-07f3-404a-b597-8a36e27cc632/upload_info.pickle,0,False
/mnt/ASSAS/upload_test/b01fe1fa-73ac-463d-9dd2-ce879f2219f0,True,/mnt/ASSAS/upload_test/b01fe1fa-73ac-463d-9dd2-ce879f2219f0/upload_info.pickle,0,False
/mnt/ASSAS/upload_test/b0788bfb-79ef-4911-9ed3-61ed04f6d0f9,True,/mnt/ASSAS/upload_test/b0788bfb-79ef-4911-9ed3-61ed04f6d0f9/upload_info.pickle,0,False
/mnt/ASSAS/upload_test/b07f61db-d0dd-43cb-8338-7577f9436143,True,/mnt/ASSAS/upload_test/b07f61db-d0dd-43cb-8338-7577f9436143/upload_info.pickle,0,False
/mnt/ASSAS/upload_test/b097bad6-477f-489d-9e75-85557ce99131,True,/mnt/ASSAS/upload_test/b097bad6-477f-489d-9e75-85557ce99131/upload_info.pickle,0,False
/mnt/ASSAS/upload_test/b0c5d958-03cb-4f1b-b75e-75d917bd5d0c,True,/mnt/ASSAS/upload_test/b0c5d958-03cb-4f1b-b75e-75d917bd5d0c/upload_info.pickle,0,False
/mnt/ASSAS/upload_test/b0f35373-6311-4844-88c4-86723ecfca6b,True,/mnt/ASSAS/upload_test/b0f35373-6311-4844-88c4-86723ecfca6b/upload_info.pickle,0,False
/mnt/ASSAS/upload_test/b1139b04-2cfb-4548-baa1-5cd354fd66b6,True,/mnt/ASSAS/upload_test/b1139b04-2cfb-4548-baa1-5cd354fd66b6/upload_info.pickle,0,False
/mnt/ASSAS/upload_test/b1197418-72b1-441e-a63c-1333fabe5ec3,True,/mnt/ASSAS/upload_test/b1197418-72b1-441e-a63c-1333fabe5ec3/upload_info.pickle,0,False
/mnt/ASSAS/upload_test/b13b0f2c-b88a-4f4d-b4fa-8ee8749d807d,True,/mnt/ASSAS/upload_test/b13b0f2c-b88a-4f4d-b4fa-8ee8749d807d/upload_info.pickle,0,False
/mnt/ASSAS/upload_test/b140d4b9-72b8-4636-bb21-b22c7d3320ae,True,/mnt/ASSAS/upload_test/b140d4b9-72b8-4636-bb21-b22c7d3320ae/upload_info.pickle,0,False
/mnt/ASSAS/upload_test/b1da611f-b39a-4fa4-a831-7759596b3a9d,True,/mnt/ASSAS/upload_test/b1da611f-b39a-4fa4-a831-7759596b3a9d/upload_info.pickle,0,False
/mnt/ASSAS/upload_test/b1f317c5-4310-46ea-bcce-11bf05e2b075,True,/mnt/ASSAS/upload_test/b1f317c5-4310-46ea-bcce-11bf05e2b075/upload_info.pickle,0,False
/mnt/ASSAS/upload_test/b219c67e-0a17-4cf2-97a1-9f8bcc34b8ed,True,/mnt/ASSAS/upload_test/b219c67e-0a17-4cf2-97a1-9f8bcc34b8ed/upload_info.pickle,0,False
/mnt/ASSAS/upload_test/b221061b-fab6-4e57-9250-e96ad071881e,True,/mnt/ASSAS/upload_test/b221061b-fab6-4e57-9250-e96ad071881e/upload_info.pickle,0,False
/mnt/ASSAS/upload_test/b252e810-834c-470f-9717-e66e2194ab4f,True,/mnt/ASSAS/upload_test/b252e810-834c-470f-9717-e66e2194ab4f/upload_info.pickle,0,False
/mnt/ASSAS/upload_test/b25fa54c-6564-4665-95ca-a320b6e8d16f,True,/mnt/ASSAS/upload_test/b25fa54c-6564-4665-95ca-a320b6e8d16f/upload_info.pickle,0,False
/mnt/ASSAS/upload_test/b266a1f0-103e-4334-bfb0-d219cc586940,True,/mnt/ASSAS/upload_test/b266a1f0-103e-4334-bfb0-d219cc586940/upload_info.pickle,0,False
/mnt/ASSAS/upload_test/b26cba36-8a8b-40fe-958a-e315430a8ada,True,/mnt/ASSAS/upload_test/b26cba36-8a8b-40fe-958a-e315430a8ada/upload_info.pickle,0,False
/mnt/ASSAS/upload_test/b2a3ec6a-e77c-45f7-8cdf-5f739182bdc2,True,/mnt/ASSAS/upload_test/b2a3ec6a-e77c-45f7-8cdf-5f739182bdc2/upload_info.pickle,0,False
/mnt/ASSAS/upload_test/b2deddbd-bd3b-45dd-95b5-f6babe658095,True,/mnt/ASSAS/upload_test/b2deddbd-bd3b-45dd-95b5-f6babe658095/upload_info.pickle,0,False
/mnt/ASSAS/upload_test/b2ed67aa-7a82-4716-aa41-2447f5c39e6f,True,/mnt/ASSAS/upload_test/b2ed67aa-7a82-4716-aa41-2447f5c39e6f/upload_info.pickle,0,False
/mnt/ASSAS/upload_test/b312ecd1-8e44-400f-9a5d-9e1cbfc79f5f,True,/mnt/ASSAS/upload_test/b312ecd1-8e44-400f-9a5d-9e1cbfc79f5f/upload_info.pickle,0,False
/mnt/ASSAS/upload_test/b32870cb-1bc8-4662-9b0c-19555d54532b,True,/mnt/ASSAS/upload_test/b32870cb-1bc8-4662-9b0c-19555d54532b/upload_info.pickle,0,False
/mnt/ASSAS/upload_test/b44e548b-848d-424b-a056-0af9938fe3a7,True,/mnt/ASSAS/upload_test/b44e548b-848d-424b-a056-0af9938fe3a7/upload_info.pickle,0,False
/mnt/ASSAS/upload_test/b45dc88a-22b9-4181-8a53-c2784f0fc02b,True,/mnt/ASSAS/upload_test/b45dc88a-22b9-4181-8a53-c2784f0fc02b/upload_info.pickle,0,False
/mnt/ASSAS/upload_test/b470a6aa-7621-40c3-9dd8-185c7d67d2a5,True,/mnt/ASSAS/upload_test/b470a6aa-7621-40c3-9dd8-185c7d67d2a5/upload_info.pickle,0,False
/mnt/ASSAS/upload_test/b4edd257-0d3b-42ea-8e50-68772f20519c,True,/mnt/ASSAS/upload_test/b4edd257-0d3b-42ea-8e50-68772f20519c/upload_info.pickle,0,False
/mnt/ASSAS/upload_test/b50a6c79-3cdd-4729-a832-cc3f93c53f03,True,/mnt/ASSAS/upload_test/b50a6c79-3cdd-4729-a832-cc3f93c53f03/upload_info.pickle,0,False
/mnt/ASSAS/upload_test/b5b18d3e-75cb-4f9b-a85b-cd38c7a44114,True,/mnt/ASSAS/upload_test/b5b18d3e-75cb-4f9b-a85b-cd38c7a44114/upload_info.pickle,0,False
/mnt/ASSAS/upload_test/b5c5c839-5697-4f25-a6e7-c919331bd0ea,True,/mnt/ASSAS/upload_test/b5c5c839-5697-4f25-a6e7-c919331bd0ea/upload_info.pickle,0,False
/mnt/ASSAS/upload_test/b5ced256-d089-4d96-aac2-3dd78345e2ef,True,/mnt/ASSAS/upload_test/b5ced256-d089-4d96-aac2-3dd78345e2ef/upload_info.pickle,0,False
/mnt/ASSAS/upload_test/b5e9dfc9-e52f-4698-a1e6-0effc81ed4d6,True,/mnt/ASSAS/upload_test/b5e9dfc9-e52f-4698-a1e6-0effc81ed4d6/upload_info.pickle,0,False
/mnt/ASSAS/upload_test/b6788d8d-b201-45f0-a1d9-c0776837f472,True,/mnt/ASSAS/upload_test/b6788d8d-b201-45f0-a1d9-c0776837f472/upload_info.pickle,0,False
/mnt/ASSAS/upload_test/b7173191-21b9-404c-befa-0cf5f08090d1,True,/mnt/ASSAS/upload_test/b7173191-21b9-404c-befa-0cf5f08090d1/upload_info.pickle,0,False
/mnt/ASSAS/upload_test/b771dd65-62e1-4a0b-8864-de49b777bb11,True,/mnt/ASSAS/upload_test/b771dd65-62e1-4a0b-8864-de49b777bb11/upload_info.pickle,0,False
/mnt/ASSAS/upload_test/b776a74a-783e-458c-9073-3b328775c34e,True,/mnt/ASSAS/upload_test/b776a74a-783e-458c-9073-3b328775c34e/upload_info.pickle,0,False
/mnt/ASSAS/upload_test/b77c9186-e80d-4792-911c-c4f393a0fa18,True,/mnt/ASSAS/upload_test/b77c9186-e80d-4792-911c-c4f393a0fa18/upload_info.pickle,0,False
/mnt/ASSAS/upload_test/b7832585-070b-4cba-97e7-391d20ced3de,True,/mnt/ASSAS/upload_test/b7832585-070b-4cba-97e7-391d20ced3de/upload_info.pickle,0,False
/mnt/ASSAS/upload_test/b784f38d-caf4-4a44-b302-e22ad34cfcb6,True,/mnt/ASSAS/upload_test/b784f38d-caf4-4a44-b302-e22ad34cfcb6/upload_info.pickle,0,False
/mnt/ASSAS/upload_test/b786fdc8-add7-4241-b9d7-2c50ebb1de3f,True,/mnt/ASSAS/upload_test/b786fdc8-add7-4241-b9d7-2c50ebb1de3f/upload_info.pickle,0,False
/mnt/ASSAS/upload_test/b7cfbb4f-c7af-4420-89ff-4723fb0b9947,True,/mnt/ASSAS/upload_test/b7cfbb4f-c7af-4420-89ff-4723fb0b9947/upload_info.pickle,0,False
/mnt/ASSAS/upload_test/b7ec05c7-ea3f-490a-8a4e-4ba68ca771e6,True,/mnt/ASSAS/upload_test/b7ec05c7-ea3f-490a-8a4e-4ba68ca771e6/upload_info.pickle,0,False
/mnt/ASSAS/upload_test/b844e54e-6f52-4fed-bb8d-bb28b38f7fd2,True,/mnt/ASSAS/upload_test/b844e54e-6f52-4fed-bb8d-bb28b38f7fd2/upload_info.pickle,0,False
/mnt/ASSAS/upload_test/b86008d0-156e-49f3-a003-2baba6304722,True,/mnt/ASSAS/upload_test/b86008d0-156e-49f3-a003-2baba6304722/upload_info.pickle,0,False
/mnt/ASSAS/upload_test/b86fac0a-8bcf-4154-9592-3337b89f7273,True,/mnt/ASSAS/upload_test/b86fac0a-8bcf-4154-9592-3337b89f7273/upload_info.pickle,0,False
/mnt/ASSAS/upload_test/b8820dc9-79bc-4d71-bdba-d7d3681a2528,True,/mnt/ASSAS/upload_test/b8820dc9-79bc-4d71-bdba-d7d3681a2528/upload_info.pickle,0,False
/mnt/ASSAS/upload_test/b89bdaaf-3e49-47c0-a03e-b4b4bc76b487,True,/mnt/ASSAS/upload_test/b89bdaaf-3e49-47c0-a03e-b4b4bc76b487/upload_info.pickle,0,False
/mnt/ASSAS/upload_test/b8eb6aa9-58d8-4b53-a455-a271ef8b0997,True,/mnt/ASSAS/upload_test/b8eb6aa9-58d8-4b53-a455-a271ef8b0997/upload_info.pickle,0,False
/mnt/ASSAS/upload_test/b908db2a-1af3-4a94-a8a4-ecdfb17e71d0,True,/mnt/ASSAS/upload_test/b908db2a-1af3-4a94-a8a4-ecdfb17e71d0/upload_info.pickle,0,False
/mnt/ASSAS/upload_test/b92af445-513d-4463-9874-e6bbf24304d5,True,/mnt/ASSAS/upload_test/b92af445-513d-4463-9874-e6bbf24304d5/upload_info.pickle,0,False
/mnt/ASSAS/upload_test/b96d91bb-2ebc-4071-b1cb-7e539579e018,True,/mnt/ASSAS/upload_test/b96d91bb-2ebc-4071-b1cb-7e539579e018/upload_info.pickle,0,False
/mnt/ASSAS/upload_test/b9e0fb69-1646-4112-aecb-df5e55f18feb,True,/mnt/ASSAS/upload_test/b9e0fb69-1646-4112-aecb-df5e55f18feb/upload_info.pickle,0,False
/mnt/ASSAS/upload_test/b9fdea46-fbee-4398-9b0a-9cbb5d4f4ce0,True,/mnt/ASSAS/upload_test/b9fdea46-fbee-4398-9b0a-9cbb5d4f4ce0/upload_info.pickle,0,False
/mnt/ASSAS/upload_test/ba25e9e3-819c-4cba-bc26-25c0ccf9ae38,True,/mnt/ASSAS/upload_test/ba25e9e3-819c-4cba-bc26-25c0ccf9ae38/upload_info.pickle,0,False
/mnt/ASSAS/upload_test/ba5eabbf-2387-4e99-99f9-a18de19e07d3,True,/mnt/ASSAS/upload_test/ba5eabbf-2387-4e99-99f9-a18de19e07d3/upload_info.pickle,0,False
/mnt/ASSAS/upload_test/ba7f8e31-35fd-4721-872b-94b18c7785fd,True,/mnt/ASSAS/upload_test/ba7f8e31-35fd-4721-872b-94b18c7785fd/upload_info.pickle,0,False
/mnt/ASSAS/upload_test/baf4320d-6b00-4d56-a340-7964c599ba2e,True,/mnt/ASSAS/upload_test/baf4320d-6b00-4d56-a340-7964c599ba2e/upload_info.pickle,0,False
/mnt/ASSAS/upload_test/baf75f98-eaa7-4006-808a-57b8f2f53436,True,/mnt/ASSAS/upload_test/baf75f98-eaa7-4006-808a-57b8f2f53436/upload_info.pickle,0,False
/mnt/ASSAS/upload_test/bb3a94ba-5bce-4a1f-a685-178143790536,True,/mnt/ASSAS/upload_test/bb3a94ba-5bce-4a1f-a685-178143790536/upload_info.pickle,0,False
/mnt/ASSAS/upload_test/bb54c53e-85a3-43fa-9220-68b491cd1ff9,True,/mnt/ASSAS/upload_test/bb54c53e-85a3-43fa-9220-68b491cd1ff9/upload_info.pickle,0,False
/mnt/ASSAS/upload_test/bb81efc7-a4ed-4a30-a5f2-78a8c1527522,True,/mnt/ASSAS/upload_test/bb81efc7-a4ed-4a30-a5f2-78a8c1527522/upload_info.pickle,0,False
/mnt/ASSAS/upload_test/bbf83902-0266-4b51-83dd-075a99dd9ead,True,/mnt/ASSAS/upload_test/bbf83902-0266-4b51-83dd-075a99dd9ead/upload_info.pickle,0,False
/mnt/ASSAS/upload_test/bc8b9a7d-e769-4975-8855-483588f1d89f,True,/mnt/ASSAS/upload_test/bc8b9a7d-e769-4975-8855-483588f1d89f/upload_info.pickle,0,False
/mnt/ASSAS/upload_test/bc921bf5-2340-4042-9e0e-920d18cb43bb,True,/mnt/ASSAS/upload_test/bc921bf5-2340-4042-9e0e-920d18cb43bb/upload_info.pickle,0,False
/mnt/ASSAS/upload_test/bd1ab058-1f15-4286-8462-0c9815930d5c,True,/mnt/ASSAS/upload_test/bd1ab058-1f15-4286-8462-0c9815930d5c/upload_info.pickle,0,False
/mnt/ASSAS/upload_test/be0b6c92-8ba6-46ac-a562-7a8993526d85,True,/mnt/ASSAS/upload_test/be0b6c92-8ba6-46ac-a562-7a8993526d85/upload_info.pickle,0,False
/mnt/ASSAS/upload_test/be19815f-93a0-4f5d-ad4c-c6036008d672,True,/mnt/ASSAS/upload_test/be19815f-93a0-4f5d-ad4c-c6036008d672/upload_info.pickle,0,False
/mnt/ASSAS/upload_test/be671aab-8b2b-4feb-8886-14a6c80b226e,True,/mnt/ASSAS/upload_test/be671aab-8b2b-4feb-8886-14a6c80b226e/upload_info.pickle,0,False
/mnt/ASSAS/upload_test/becd8dc8-1cae-465c-ab1c-da60bad24c94,True,/mnt/ASSAS/upload_test/becd8dc8-1cae-465c-ab1c-da60bad24c94/upload_info.pickle,0,False
/mnt/ASSAS/upload_test/bf0b1498-b7b6-47c5-983d-761f0f5abdd6,True,/mnt/ASSAS/upload_test/bf0b1498-b7b6-47c5-983d-761f0f5abdd6/upload_info.pickle,0,False
/mnt/ASSAS/upload_test/bf542c1f-070b-442c-a4c9-9035e3daeed8,True,/mnt/ASSAS/upload_test/bf542c1f-070b-442c-a4c9-9035e3daeed8/upload_info.pickle,0,False
/mnt/ASSAS/upload_test/bf82c278-de80-4366-b931-a817827a0615,True,/mnt/ASSAS/upload_test/bf82c278-de80-4366-b931-a817827a0615/upload_info.pickle,0,False
/mnt/ASSAS/upload_test/bf98e646-80e0-46a5-a8c9-e4021b940441,True,/mnt/ASSAS/upload_test/bf98e646-80e0-46a5-a8c9-e4021b940441/upload_info.pickle,0,False
/mnt/ASSAS/upload_test/bfa3e8f7-004c-4690-8f0c-01602bdef13a,True,/mnt/ASSAS/upload_test/bfa3e8f7-004c-4690-8f0c-01602bdef13a/upload_info.pickle,0,False
/mnt/ASSAS/upload_test/bfacb47c-b2b4-4d32-b657-334ea7691683,True,/mnt/ASSAS/upload_test/bfacb47c-b2b4-4d32-b657-334ea7691683/upload_info.pickle,0,False
/mnt/ASSAS/upload_test/bfb7808e-e6f3-4cc2-a771-a654829c412f,True,/mnt/ASSAS/upload_test/bfb7808e-e6f3-4cc2-a771-a654829c412f/upload_info.pickle,0,False
/mnt/ASSAS/upload_test/c008354a-ca70-47ac-96d3-337f3f742c50,True,/mnt/ASSAS/upload_test/c008354a-ca70-47ac-96d3-337f3f742c50/upload_info.pickle,0,False
/mnt/ASSAS/upload_test/c04412da-57b4-4165-ace2-06660c1a0077,True,/mnt/ASSAS/upload_test/c04412da-57b4-4165-ace2-06660c1a0077/upload_info.pickle,0,False
/mnt/ASSAS/upload_test/c04ab114-3224-479f-bcbb-5505458ad96f,True,/mnt/ASSAS/upload_test/c04ab114-3224-479f-bcbb-5505458ad96f/upload_info.pickle,0,False
/mnt/ASSAS/upload_test/c0b05ea8-310c-4632-a59a-e21d3b9fc015,True,/mnt/ASSAS/upload_test/c0b05ea8-310c-4632-a59a-e21d3b9fc015/upload_info.pickle,0,False
/mnt/ASSAS/upload_test/c0df0833-d887-4310-8492-8e2ebd1796b6,True,/mnt/ASSAS/upload_test/c0df0833-d887-4310-8492-8e2ebd1796b6/upload_info.pickle,0,False
/mnt/ASSAS/upload_test/c10f7daa-563d-4f58-a649-0caa3afa6929,True,/mnt/ASSAS/upload_test/c10f7daa-563d-4f58-a649-0caa3afa6929/upload_info.pickle,0,False
/mnt/ASSAS/upload_test/c11bbcdd-78b9-481b-a8cb-dbffa4c6af94,True,/mnt/ASSAS/upload_test/c11bbcdd-78b9-481b-a8cb-dbffa4c6af94/upload_info.pickle,0,False
/mnt/ASSAS/upload_test/c12db16f-071e-4a8c-a8c4-77e1de5a1a3d,True,/mnt/ASSAS/upload_test/c12db16f-071e-4a8c-a8c4-77e1de5a1a3d/upload_info.pickle,0,False
/mnt/ASSAS/upload_test/c13f9aed-510b-4ffe-9d27-934cf045c6c0,True,/mnt/ASSAS/upload_test/c13f9aed-510b-4ffe-9d27-934cf045c6c0/upload_info.pickle,0,False
/mnt/ASSAS/upload_test/c1642af4-6e82-4066-adef-59e35b204eb1,True,/mnt/ASSAS/upload_test/c1642af4-6e82-4066-adef-59e35b204eb1/upload_info.pickle,0,False
/mnt/ASSAS/upload_test/c1716e5b-726a-4cec-81fd-241580c7d337,True,/mnt/ASSAS/upload_test/c1716e5b-726a-4cec-81fd-241580c7d337/upload_info.pickle,0,False
/mnt/ASSAS/upload_test/c183ead5-016f-4933-8a87-da87efd13b0b,True,/mnt/ASSAS/upload_test/c183ead5-016f-4933-8a87-da87efd13b0b/upload_info.pickle,0,False
/mnt/ASSAS/upload_test/c1905262-e5e7-4c57-8f11-599f7920e532,True,/mnt/ASSAS/upload_test/c1905262-e5e7-4c57-8f11-599f7920e532/upload_info.pickle,0,False
/mnt/ASSAS/upload_test/c1e0682c-6c97-4f79-9c59-403a04e067d8,True,/mnt/ASSAS/upload_test/c1e0682c-6c97-4f79-9c59-403a04e067d8/upload_info.pickle,0,False
/mnt/ASSAS/upload_test/c1e42a42-bdad-4b99-a5ea-ab5437c65ef5,True,/mnt/ASSAS/upload_test/c1e42a42-bdad-4b99-a5ea-ab5437c65ef5/upload_info.pickle,0,False
/mnt/ASSAS/upload_test/c1f2686b-ebc7-4da7-9da4-6f76bd4be55a,True,/mnt/ASSAS/upload_test/c1f2686b-ebc7-4da7-9da4-6f76bd4be55a/upload_info.pickle,0,False
/mnt/ASSAS/upload_test/c22e379c-42da-4398-a720-087463693161,True,/mnt/ASSAS/upload_test/c22e379c-42da-4398-a720-087463693161/upload_info.pickle,0,False
/mnt/ASSAS/upload_test/c23ee7f4-bb57-4957-a187-48fb870cfc93,True,/mnt/ASSAS/upload_test/c23ee7f4-bb57-4957-a187-48fb870cfc93/upload_info.pickle,0,False
/mnt/ASSAS/upload_test/c24f88e1-6ea5-4037-b77c-8741b8288d03,True,/mnt/ASSAS/upload_test/c24f88e1-6ea5-4037-b77c-8741b8288d03/upload_info.pickle,0,False
/mnt/ASSAS/upload_test/c255d1c8-f227-460a-a6f6-a47d737995cb,True,/mnt/ASSAS/upload_test/c255d1c8-f227-460a-a6f6-a47d737995cb/upload_info.pickle,0,False
/mnt/ASSAS/upload_test/c25c7021-b377-4b1c-acd1-8317a4259ecc,True,/mnt/ASSAS/upload_test/c25c7021-b377-4b1c-acd1-8317a4259ecc/upload_info.pickle,0,False
/mnt/ASSAS/upload_test/c2aaa117-f9e2-4ac0-9f00-58cbba8463ed,True,/mnt/ASSAS/upload_test/c2aaa117-f9e2-4ac0-9f00-58cbba8463ed/upload_info.pickle,0,False
/mnt/ASSAS/upload_test/c2d878d4-a228-45e5-8571-ed7a7cc74f54,True,/mnt/ASSAS/upload_test/c2d878d4-a228-45e5-8571-ed7a7cc74f54/upload_info.pickle,0,False
/mnt/ASSAS/upload_test/c303adde-4b6e-4427-80d8-1bbd2b70f854,True,/mnt/ASSAS/upload_test/c303adde-4b6e-4427-80d8-1bbd2b70f854/upload_info.pickle,0,False
/mnt/ASSAS/upload_test/c35afd8f-ad9d-4328-b394-4eaa9a9130ea,True,/mnt/ASSAS/upload_test/c35afd8f-ad9d-4328-b394-4eaa9a9130ea/upload_info.pickle,0,False
/mnt/ASSAS/upload_test/c3df4b4b-3d32-47ca-b031-af59762d1fa7,True,/mnt/ASSAS/upload_test/c3df4b4b-3d32-47ca-b031-af59762d1fa7/upload_info.pickle,0,False
/mnt/ASSAS/upload_test/c3f8de1d-b68f-4760-829d-e40567cd9e90,True,/mnt/ASSAS/upload_test/c3f8de1d-b68f-4760-829d-e40567cd9e90/upload_info.pickle,0,False
/mnt/ASSAS/upload_test/c45c75b2-019b-48b5-93bd-6a478ac9c810,True,/mnt/ASSAS/upload_test/c45c75b2-019b-48b5-93bd-6a478ac9c810/upload_info.pickle,0,False
/mnt/ASSAS/upload_test/c4cef1d3-55f4-4954-a0f1-adffe4700ab5,True,/mnt/ASSAS/upload_test/c4cef1d3-55f4-4954-a0f1-adffe4700ab5/upload_info.pickle,0,False
/mnt/ASSAS/upload_test/c4e7e858-e142-4ef8-8f33-094a007fa575,True,/mnt/ASSAS/upload_test/c4e7e858-e142-4ef8-8f33-094a007fa575/upload_info.pickle,0,False
/mnt/ASSAS/upload_test/c4f5af98-949b-483f-aa1b-8c2d2d82427e,True,/mnt/ASSAS/upload_test/c4f5af98-949b-483f-aa1b-8c2d2d82427e/upload_info.pickle,0,False
/mnt/ASSAS/upload_test/c521d7b2-7ecf-4f67-a577-fcafde5001bb,True,/mnt/ASSAS/upload_test/c521d7b2-7ecf-4f67-a577-fcafde5001bb/upload_info.pickle,0,False
/mnt/ASSAS/upload_test/c55ba9e0-b18f-4876-bfe4-e2c658ddc50f,True,/mnt/ASSAS/upload_test/c55ba9e0-b18f-4876-bfe4-e2c658ddc50f/upload_info.pickle,0,False
/mnt/ASSAS/upload_test/c5c47d28-f27a-421e-9529-7e7dcc5f21cc,True,/mnt/ASSAS/upload_test/c5c47d28-f27a-421e-9529-7e7dcc5f21cc/upload_info.pickle,0,False
/mnt/ASSAS/upload_test/c5dc991e-b1e0-4d70-9570-6ec90e6ced81,True,/mnt/ASSAS/upload_test/c5dc991e-b1e0-4d70-9570-6ec90e6ced81/upload_info.pickle,0,False
/mnt/ASSAS/upload_test/c70695b0-3ac9-43e5-9f32-976cdeb5e930,True,/mnt/ASSAS/upload_test/c70695b0-3ac9-43e5-9f32-976cdeb5e930/upload_info.pickle,0,False
/mnt/ASSAS/upload_test/c714aa80-0903-4f1f-ba36-79596f2b9b33,True,/mnt/ASSAS/upload_test/c714aa80-0903-4f1f-ba36-79596f2b9b33/upload_info.pickle,0,False
/mnt/ASSAS/upload_test/c7d8edfe-f8d9-4440-8887-38ebad2d9d64,True,/mnt/ASSAS/upload_test/c7d8edfe-f8d9-4440-8887-38ebad2d9d64/upload_info.pickle,0,False
/mnt/ASSAS/upload_test/c7f01816-827e-4936-8e8a-00d294bced26,True,/mnt/ASSAS/upload_test/c7f01816-827e-4936-8e8a-00d294bced26/upload_info.pickle,0,False
/mnt/ASSAS/upload_test/c8297b55-a0e2-4245-baaf-26306002d555,True,/mnt/ASSAS/upload_test/c8297b55-a0e2-4245-baaf-26306002d555/upload_info.pickle,0,False
/mnt/ASSAS/upload_test/c8da3427-7502-459d-900e-e0239ebee0d2,True,/mnt/ASSAS/upload_test/c8da3427-7502-459d-900e-e0239ebee0d2/upload_info.pickle,0,False
/mnt/ASSAS/upload_test/c8dd7244-faaa-40ac-864b-fdf7943bf7ef,True,/mnt/ASSAS/upload_test/c8dd7244-faaa-40ac-864b-fdf7943bf7ef/upload_info.pickle,0,False
/mnt/ASSAS/upload_test/c8fec3c4-54d8-41dc-861e-0f74506e8e95,True,/mnt/ASSAS/upload_test/c8fec3c4-54d8-41dc-861e-0f74506e8e95/upload_info.pickle,0,False
/mnt/ASSAS/upload_test/c9099535-2104-4b25-895a-4c0b1167a6e0,True,/mnt/ASSAS/upload_test/c9099535-2104-4b25-895a-4c0b1167a6e0/upload_info.pickle,0,False
/mnt/ASSAS/upload_test/c9537947-d180-418b-b0a1-b8cf0c421f07,True,/mnt/ASSAS/upload_test/c9537947-d180-418b-b0a1-b8cf0c421f07/upload_info.pickle,0,False
/mnt/ASSAS/upload_test/c9a222e9-18e1-4a18-b521-913ac39e8026,True,/mnt/ASSAS/upload_test/c9a222e9-18e1-4a18-b521-913ac39e8026/upload_info.pickle,0,False
/mnt/ASSAS/upload_test/c9bc47fa-6945-400b-a768-8aa14007b1ab,True,/mnt/ASSAS/upload_test/c9bc47fa-6945-400b-a768-8aa14007b1ab/upload_info.pickle,0,False
/mnt/ASSAS/upload_test/c9c0d2a4-e3ba-4352-811f-8a7b98c42e65,True,/mnt/ASSAS/upload_test/c9c0d2a4-e3ba-4352-811f-8a7b98c42e65/upload_info.pickle,0,False
/mnt/ASSAS/upload_test/c9d67a7a-93c2-4532-ad12-3c625efeb05c,True,/mnt/ASSAS/upload_test/c9d67a7a-93c2-4532-ad12-3c625efeb05c/upload_info.pickle,0,False
/mnt/ASSAS/upload_test/ca3e3844-9b4a-4993-a55d-9f86d1ad2767,True,/mnt/ASSAS/upload_test/ca3e3844-9b4a-4993-a55d-9f86d1ad2767/upload_info.pickle,0,False
/mnt/ASSAS/upload_test/ca5e9dd4-c711-439b-99f7-d3879fece241,True,/mnt/ASSAS/upload_test/ca5e9dd4-c711-439b-99f7-d3879fece241/upload_info.pickle,0,False
/mnt/ASSAS/upload_test/ca63e171-df46-4914-806d-f5fff43dc69f,True,/mnt/ASSAS/upload_test/ca63e171-df46-4914-806d-f5fff43dc69f/upload_info.pickle,0,False
/mnt/ASSAS/upload_test/ca736024-6098-45ba-b8c5-939ad30543a8,True,/mnt/ASSAS/upload_test/ca736024-6098-45ba-b8c5-939ad30543a8/upload_info.pickle,0,False
/mnt/ASSAS/upload_test/cab326ff-779f-48cc-9af6-b329cb173a40,True,/mnt/ASSAS/upload_test/cab326ff-779f-48cc-9af6-b329cb173a40/upload_info.pickle,0,False
/mnt/ASSAS/upload_test/caed6cfd-caea-4925-8ae7-6ebf7533c5b8,True,/mnt/ASSAS/upload_test/caed6cfd-caea-4925-8ae7-6ebf7533c5b8/upload_info.pickle,0,False
/mnt/ASSAS/upload_test/cb0cde55-2b01-458a-8151-977fec9d0b99,True,/mnt/ASSAS/upload_test/cb0cde55-2b01-458a-8151-977fec9d0b99/upload_info.pickle,0,False
/mnt/ASSAS/upload_test/cb178650-baae-4900-84c0-7fbc198567d8,True,/mnt/ASSAS/upload_test/cb178650-baae-4900-84c0-7fbc198567d8/upload_info.pickle,0,False
/mnt/ASSAS/upload_test/cb3ccd0f-3e19-434f-a244-60a946bf6d7b,True,/mnt/ASSAS/upload_test/cb3ccd0f-3e19-434f-a244-60a946bf6d7b/upload_info.pickle,0,False
/mnt/ASSAS/upload_test/cb58be19-07ac-430c-8557-c494abd81a55,True,/mnt/ASSAS/upload_test/cb58be19-07ac-430c-8557-c494abd81a55/upload_info.pickle,0,False
/mnt/ASSAS/upload_test/cb6abd3c-89e8-4cfe-a080-0954c4373929,True,/mnt/ASSAS/upload_test/cb6abd3c-89e8-4cfe-a080-0954c4373929/upload_info.pickle,0,False
/mnt/ASSAS/upload_test/cb70f308-9485-4f1a-aee6-20e5c270882a,True,/mnt/ASSAS/upload_test/cb70f308-9485-4f1a-aee6-20e5c270882a/upload_info.pickle,0,False
/mnt/ASSAS/upload_test/cbb5ec10-d739-4b6f-8851-ff95ec8b47ac,True,/mnt/ASSAS/upload_test/cbb5ec10-d739-4b6f-8851-ff95ec8b47ac/upload_info.pickle,0,False
/mnt/ASSAS/upload_test/cbe7fd4c-6200-4d1a-8b5e-dce4c9754cb3,True,/mnt/ASSAS/upload_test/cbe7fd4c-6200-4d1a-8b5e-dce4c9754cb3/upload_info.pickle,0,False
/mnt/ASSAS/upload_test/cbf30460-a804-446e-a5ba-261f4177f447,True,/mnt/ASSAS/upload_test/cbf30460-a804-446e-a5ba-261f4177f447/upload_info.pickle,0,False
/mnt/ASSAS/upload_test/cc0c4755-a3ec-45ac-80fb-d79de3c62495,True,/mnt/ASSAS/upload_test/cc0c4755-a3ec-45ac-80fb-d79de3c62495/upload_info.pickle,0,False
/mnt/ASSAS/upload_test/cc4de3d3-f979-4f42-b671-714bb083f7dc,True,/mnt/ASSAS/upload_test/cc4de3d3-f979-4f42-b671-714bb083f7dc/upload_info.pickle,0,False
/mnt/ASSAS/upload_test/ccb3da63-0ce7-4e11-9550-a20bcd1258bb,True,/mnt/ASSAS/upload_test/ccb3da63-0ce7-4e11-9550-a20bcd1258bb/upload_info.pickle,0,False
/mnt/ASSAS/upload_test/ccd53fc1-f947-4b65-856c-553694f48fa9,True,/mnt/ASSAS/upload_test/ccd53fc1-f947-4b65-856c-553694f48fa9/upload_info.pickle,0,False
/mnt/ASSAS/upload_test/ccd91f2b-4d18-40e6-9f3f-7f109d8e0a59,True,/mnt/ASSAS/upload_test/ccd91f2b-4d18-40e6-9f3f-7f109d8e0a59/upload_info.pickle,0,False
/mnt/ASSAS/upload_test/cd4e2bbc-21c2-4ed4-953e-7d0cc4cafe42,True,/mnt/ASSAS/upload_test/cd4e2bbc-21c2-4ed4-953e-7d0cc4cafe42/upload_info.pickle,0,False
/mnt/ASSAS/upload_test/cd595f8a-1728-4c33-ac38-bd8467cfded1,True,/mnt/ASSAS/upload_test/cd595f8a-1728-4c33-ac38-bd8467cfded1/upload_info.pickle,0,False
/mnt/ASSAS/upload_test/cdd16661-9269-4f6c-b4f4-d658d3561ace,True,/mnt/ASSAS/upload_test/cdd16661-9269-4f6c-b4f4-d658d3561ace/upload_info.pickle,0,False
/mnt/ASSAS/upload_test/cdfd5316-0851-461c-967b-ef1d8f35fc9c,True,/mnt/ASSAS/upload_test/cdfd5316-0851-461c-967b-ef1d8f35fc9c/upload_info.pickle,0,False
/mnt/ASSAS/upload_test/ce88bd8f-eecd-436e-83af-5530e6d31756,True,/mnt/ASSAS/upload_test/ce88bd8f-eecd-436e-83af-5530e6d31756/upload_info.pickle,0,False
/mnt/ASSAS/upload_test/cea0497a-023b-4db9-bf84-8d4cd6c6fd19,True,/mnt/ASSAS/upload_test/cea0497a-023b-4db9-bf84-8d4cd6c6fd19/upload_info.pickle,0,False
/mnt/ASSAS/upload_test/ceb33ded-16cf-456d-9d94-a6ebcfba02f3,True,/mnt/ASSAS/upload_test/ceb33ded-16cf-456d-9d94-a6ebcfba02f3/upload_info.pickle,0,False
/mnt/ASSAS/upload_test/cf1aa294-6650-4bf2-bddb-30ce712e4255,True,/mnt/ASSAS/upload_test/cf1aa294-6650-4bf2-bddb-30ce712e4255/upload_info.pickle,0,False
/mnt/ASSAS/upload_test/cf5259b9-3d99-4997-a881-87334cb9aa9a,True,/mnt/ASSAS/upload_test/cf5259b9-3d99-4997-a881-87334cb9aa9a/upload_info.pickle,0,False
/mnt/ASSAS/upload_test/cf71f8f5-b8c7-4dc0-9da5-b42f26884051,True,/mnt/ASSAS/upload_test/cf71f8f5-b8c7-4dc0-9da5-b42f26884051/upload_info.pickle,0,False
/mnt/ASSAS/upload_test/cfbb466c-d186-4667-8356-31cd104d8973,True,/mnt/ASSAS/upload_test/cfbb466c-d186-4667-8356-31cd104d8973/upload_info.pickle,0,False
/mnt/ASSAS/upload_test/cfd312fc-7157-4369-b9fa-44077a6254b1,True,/mnt/ASSAS/upload_test/cfd312fc-7157-4369-b9fa-44077a6254b1/upload_info.pickle,0,False
/mnt/ASSAS/upload_test/cfd8d5a4-0164-4571-82c0-152dcd694445,True,/mnt/ASSAS/upload_test/cfd8d5a4-0164-4571-82c0-152dcd694445/upload_info.pickle,0,False
/mnt/ASSAS/upload_test/cfee2f7a-a3b4-4f21-8b46-2f5a3ddeeebf,True,/mnt/ASSAS/upload_test/cfee2f7a-a3b4-4f21-8b46-2f5a3ddeeebf/upload_info.pickle,0,False
/mnt/ASSAS/upload_test/cfffa614-7677-44e1-9e1f-4134b83352ce,True,/mnt/ASSAS/upload_test/cfffa614-7677-44e1-9e1f-4134b83352ce/upload_info.pickle,0,False
/mnt/ASSAS/upload_test/d08c2c46-dc86-46a7-a725-1332adb77347,True,/mnt/ASSAS/upload_test/d08c2c46-dc86-46a7-a725-1332adb77347/upload_info.pickle,0,False
/mnt/ASSAS/upload_test/d090ba92-58e7-4302-8add-d92aafeaf69d,True,/mnt/ASSAS/upload_test/d090ba92-58e7-4302-8add-d92aafeaf69d/upload_info.pickle,0,False
/mnt/ASSAS/upload_test/d09ee61a-9d7d-4cbe-9b45-6f5a84cbe789,True,/mnt/ASSAS/upload_test/d09ee61a-9d7d-4cbe-9b45-6f5a84cbe789/upload_info.pickle,0,False
/mnt/ASSAS/upload_test/d0aad704-cc7c-4655-9bf6-9fa78c7f49af,True,/mnt/ASSAS/upload_test/d0aad704-cc7c-4655-9bf6-9fa78c7f49af/upload_info.pickle,0,False
/mnt/ASSAS/upload_test/d0b18241-949f-40d1-9767-448c0506afd0,True,/mnt/ASSAS/upload_test/d0b18241-949f-40d1-9767-448c0506afd0/upload_info.pickle,0,False
/mnt/ASSAS/upload_test/d0e03141-adad-44f7-b8a7-772c009dd41c,True,/mnt/ASSAS/upload_test/d0e03141-adad-44f7-b8a7-772c009dd41c/upload_info.pickle,0,False
/mnt/ASSAS/upload_test/d1244c02-e10b-4b72-9d8e-e0c2bf5d42b7,True,/mnt/ASSAS/upload_test/d1244c02-e10b-4b72-9d8e-e0c2bf5d42b7/upload_info.pickle,0,False
/mnt/ASSAS/upload_test/d166fad3-5d6c-4cc0-8c55-c2079d6d84d6,True,/mnt/ASSAS/upload_test/d166fad3-5d6c-4cc0-8c55-c2079d6d84d6/upload_info.pickle,0,False
/mnt/ASSAS/upload_test/d20677d0-2354-49dc-8293-11930e4494f4,True,/mnt/ASSAS/upload_test/d20677d0-2354-49dc-8293-11930e4494f4/upload_info.pickle,0,False
/mnt/ASSAS/upload_test/d21c7a3b-146e-410a-bed2-a36d6d2084b6,True,/mnt/ASSAS/upload_test/d21c7a3b-146e-410a-bed2-a36d6d2084b6/upload_info.pickle,0,False
/mnt/ASSAS/upload_test/d284ffbc-e677-4ae6-8c2f-53b2cb8bf961,True,/mnt/ASSAS/upload_test/d284ffbc-e677-4ae6-8c2f-53b2cb8bf961/upload_info.pickle,0,False
/mnt/ASSAS/upload_test/d2d9b5a2-5298-4142-ae63-6c90d94130ba,True,/mnt/ASSAS/upload_test/d2d9b5a2-5298-4142-ae63-6c90d94130ba/upload_info.pickle,0,False
/mnt/ASSAS/upload_test/d2e64526-1764-421c-9354-f1063846c78c,True,/mnt/ASSAS/upload_test/d2e64526-1764-421c-9354-f1063846c78c/upload_info.pickle,0,False
/mnt/ASSAS/upload_test/d2f8707e-12a3-4b3a-b8bf-e5dca65926ae,True,/mnt/ASSAS/upload_test/d2f8707e-12a3-4b3a-b8bf-e5dca65926ae/upload_info.pickle,0,False
/mnt/ASSAS/upload_test/d3621ee9-446f-4271-ae7f-aaf2d938eabc,True,/mnt/ASSAS/upload_test/d3621ee9-446f-4271-ae7f-aaf2d938eabc/upload_info.pickle,0,False
/mnt/ASSAS/upload_test/d3648c49-627b-4eef-a393-2958d9506ddc,True,/mnt/ASSAS/upload_test/d3648c49-627b-4eef-a393-2958d9506ddc/upload_info.pickle,0,False
/mnt/ASSAS/upload_test/d42a3cf2-d92a-4a84-9529-214c562bb468,True,/mnt/ASSAS/upload_test/d42a3cf2-d92a-4a84-9529-214c562bb468/upload_info.pickle,0,False
/mnt/ASSAS/upload_test/d43e71ec-9f2e-44e1-9287-403787d16d72,True,/mnt/ASSAS/upload_test/d43e71ec-9f2e-44e1-9287-403787d16d72/upload_info.pickle,0,False
/mnt/ASSAS/upload_test/d45173ca-a185-4503-ad84-30f0076adf84,True,/mnt/ASSAS/upload_test/d45173ca-a185-4503-ad84-30f0076adf84/upload_info.pickle,0,False
/mnt/ASSAS/upload_test/d478e4ba-26b6-4848-8cda-31359f9655d6,True,/mnt/ASSAS/upload_test/d478e4ba-26b6-4848-8cda-31359f9655d6/upload_info.pickle,0,False
/mnt/ASSAS/upload_test/d47c519c-c908-46af-8310-467ba0ed0ba7,True,/mnt/ASSAS/upload_test/d47c519c-c908-46af-8310-467ba0ed0ba7/upload_info.pickle,0,False
/mnt/ASSAS/upload_test/d532788f-c988-47ef-8594-5f8b567463ab,True,/mnt/ASSAS/upload_test/d532788f-c988-47ef-8594-5f8b567463ab/upload_info.pickle,0,False
/mnt/ASSAS/upload_test/d541dc78-0672-485c-81d6-b4d74c220d00,True,/mnt/ASSAS/upload_test/d541dc78-0672-485c-81d6-b4d74c220d00/upload_info.pickle,0,False
/mnt/ASSAS/upload_test/d569b93b-8eea-45e2-b339-bb0c081aa998,True,/mnt/ASSAS/upload_test/d569b93b-8eea-45e2-b339-bb0c081aa998/upload_info.pickle,0,False
/mnt/ASSAS/upload_test/d58f0469-ef50-450d-9e87-31e3f9e525a1,True,/mnt/ASSAS/upload_test/d58f0469-ef50-450d-9e87-31e3f9e525a1/upload_info.pickle,0,False
/mnt/ASSAS/upload_test/d591342a-d064-4bc7-99af-5f8fbeee001e,True,/mnt/ASSAS/upload_test/d591342a-d064-4bc7-99af-5f8fbeee001e/upload_info.pickle,0,False
/mnt/ASSAS/upload_test/d5b5305d-d631-49e9-ba4c-2afb3adc94d3,True,/mnt/ASSAS/upload_test/d5b5305d-d631-49e9-ba4c-2afb3adc94d3/upload_info.pickle,0,False
/mnt/ASSAS/upload_test/d5ee1297-dbd9-42e1-b920-e882f0570379,True,/mnt/ASSAS/upload_test/d5ee1297-dbd9-42e1-b920-e882f0570379/upload_info.pickle,0,False
/mnt/ASSAS/upload_test/d6133f94-f263-4bb0-b560-771780863830,True,/mnt/ASSAS/upload_test/d6133f94-f263-4bb0-b560-771780863830/upload_info.pickle,0,False
/mnt/ASSAS/upload_test/d64694b7-a93d-4e52-9212-9641076a6a8c,True,/mnt/ASSAS/upload_test/d64694b7-a93d-4e52-9212-9641076a6a8c/upload_info.pickle,0,False
/mnt/ASSAS/upload_test/d64d2c79-ab0d-4e31-9b44-215ea695c246,True,/mnt/ASSAS/upload_test/d64d2c79-ab0d-4e31-9b44-215ea695c246/upload_info.pickle,0,False
/mnt/ASSAS/upload_test/d66d8e2c-1411-4401-8413-e88b533efcd1,True,/mnt/ASSAS/upload_test/d66d8e2c-1411-4401-8413-e88b533efcd1/upload_info.pickle,0,False
/mnt/ASSAS/upload_test/d6795e22-6563-4db0-b640-5e5f6d75c36f,True,/mnt/ASSAS/upload_test/d6795e22-6563-4db0-b640-5e5f6d75c36f/upload_info.pickle,0,False
/mnt/ASSAS/upload_test/d69efc99-0dfb-4c99-b371-6c0e637ffb39,True,/mnt/ASSAS/upload_test/d69efc99-0dfb-4c99-b371-6c0e637ffb39/upload_info.pickle,0,False
/mnt/ASSAS/upload_test/d6dd73bc-150b-43d7-8b29-0be2d267e365,True,/mnt/ASSAS/upload_test/d6dd73bc-150b-43d7-8b29-0be2d267e365/upload_info.pickle,0,False
/mnt/ASSAS/upload_test/d6e4244d-384c-480a-ad5d-ee059951ac9c,True,/mnt/ASSAS/upload_test/d6e4244d-384c-480a-ad5d-ee059951ac9c/upload_info.pickle,0,False
/mnt/ASSAS/upload_test/d702d7ea-e1cc-4ea8-a529-34ca6771b2e1,True,/mnt/ASSAS/upload_test/d702d7ea-e1cc-4ea8-a529-34ca6771b2e1/upload_info.pickle,0,False
/mnt/ASSAS/upload_test/d70714b4-c476-46da-956b-28e25caba234,True,/mnt/ASSAS/upload_test/d70714b4-c476-46da-956b-28e25caba234/upload_info.pickle,0,False
/mnt/ASSAS/upload_test/d757e18e-4f2e-437a-a966-710140b40d60,True,/mnt/ASSAS/upload_test/d757e18e-4f2e-437a-a966-710140b40d60/upload_info.pickle,0,False
/mnt/ASSAS/upload_test/d768a450-6aa2-4cc5-9552-e1e11a34fd4d,True,/mnt/ASSAS/upload_test/d768a450-6aa2-4cc5-9552-e1e11a34fd4d/upload_info.pickle,0,False
/mnt/ASSAS/upload_test/d79d3e26-40d7-4cb3-8aea-391cbc27aaa4,True,/mnt/ASSAS/upload_test/d79d3e26-40d7-4cb3-8aea-391cbc27aaa4/upload_info.pickle,0,False
/mnt/ASSAS/upload_test/d7f4a193-e704-4024-9715-094f24cbdc4e,True,/mnt/ASSAS/upload_test/d7f4a193-e704-4024-9715-094f24cbdc4e/upload_info.pickle,0,False
/mnt/ASSAS/upload_test/d7f5db66-b259-4e6a-9071-ebefd9d64b01,True,/mnt/ASSAS/upload_test/d7f5db66-b259-4e6a-9071-ebefd9d64b01/upload_info.pickle,0,False
/mnt/ASSAS/upload_test/d8258046-44f1-401a-91b1-39f5f65e5e54,True,/mnt/ASSAS/upload_test/d8258046-44f1-401a-91b1-39f5f65e5e54/upload_info.pickle,0,False
/mnt/ASSAS/upload_test/d8429a45-7e88-4d39-87b7-ee3401d05050,True,/mnt/ASSAS/upload_test/d8429a45-7e88-4d39-87b7-ee3401d05050/upload_info.pickle,0,False
/mnt/ASSAS/upload_test/d85d5bca-331d-44ae-ba05-28f5a9704d4b,True,/mnt/ASSAS/upload_test/d85d5bca-331d-44ae-ba05-28f5a9704d4b/upload_info.pickle,0,False
/mnt/ASSAS/upload_test/d9b6489d-a2c2-4522-b0a6-afc4813903b8,True,/mnt/ASSAS/upload_test/d9b6489d-a2c2-4522-b0a6-afc4813903b8/upload_info.pickle,0,False
/mnt/ASSAS/upload_test/da2afa7c-2741-4236-a09d-eb03723249d7,True,/mnt/ASSAS/upload_test/da2afa7c-2741-4236-a09d-eb03723249d7/upload_info.pickle,0,False
/mnt/ASSAS/upload_test/da3729f6-5c1a-4ed5-831a-351e96c3ebd9,True,/mnt/ASSAS/upload_test/da3729f6-5c1a-4ed5-831a-351e96c3ebd9/upload_info.pickle,0,False
/mnt/ASSAS/upload_test/da9706ae-cbf8-4909-8059-8e66e323578b,True,/mnt/ASSAS/upload_test/da9706ae-cbf8-4909-8059-8e66e323578b/upload_info.pickle,0,False
/mnt/ASSAS/upload_test/da9cf8dd-84de-496b-8bed-059fd8995c68,True,/mnt/ASSAS/upload_test/da9cf8dd-84de-496b-8bed-059fd8995c68/upload_info.pickle,0,False
/mnt/ASSAS/upload_test/dacc2c4c-b2d3-4f95-965c-269e56b9956e,True,/mnt/ASSAS/upload_test/dacc2c4c-b2d3-4f95-965c-269e56b9956e/upload_info.pickle,0,False
/mnt/ASSAS/upload_test/dad40c77-84b8-4c29-821a-533b1860e451,True,/mnt/ASSAS/upload_test/dad40c77-84b8-4c29-821a-533b1860e451/upload_info.pickle,0,False
/mnt/ASSAS/upload_test/dafb0f75-e80f-4b9f-aa1b-582c4486c43f,True,/mnt/ASSAS/upload_test/dafb0f75-e80f-4b9f-aa1b-582c4486c43f/upload_info.pickle,0,False
/mnt/ASSAS/upload_test/dafd4839-bc0f-4550-aad4-b004258052f4,True,/mnt/ASSAS/upload_test/dafd4839-bc0f-4550-aad4-b004258052f4/upload_info.pickle,0,False
/mnt/ASSAS/upload_test/db71b5b8-c2cc-4df4-b56c-45c5b49081ea,True,/mnt/ASSAS/upload_test/db71b5b8-c2cc-4df4-b56c-45c5b49081ea/upload_info.pickle,0,False
/mnt/ASSAS/upload_test/db8b1ce6-a33e-4b63-89d7-70c8f121cddf,True,/mnt/ASSAS/upload_test/db8b1ce6-a33e-4b63-89d7-70c8f121cddf/upload_info.pickle,0,False
/mnt/ASSAS/upload_test/dbab1809-fdbe-48e7-9de0-6b5f69b22b64,True,/mnt/ASSAS/upload_test/dbab1809-fdbe-48e7-9de0-6b5f69b22b64/upload_info.pickle,0,False
/mnt/ASSAS/upload_test/dbbf1fc2-2c0b-4b65-b026-d60bfa0ed291,True,/mnt/ASSAS/upload_test/dbbf1fc2-2c0b-4b65-b026-d60bfa0ed291/upload_info.pickle,0,False
/mnt/ASSAS/upload_test/dbdfbf11-39e2-4e3c-8ab5-bb3e53d77017,True,/mnt/ASSAS/upload_test/dbdfbf11-39e2-4e3c-8ab5-bb3e53d77017/upload_info.pickle,0,False
/mnt/ASSAS/upload_test/dbe5f57d-dc21-4497-8c2f-43ab2282e376,True,/mnt/ASSAS/upload_test/dbe5f57d-dc21-4497-8c2f-43ab2282e376/upload_info.pickle,0,False
/mnt/ASSAS/upload_test/dc283864-ac37-45ed-a833-d42391c66cf5,True,/mnt/ASSAS/upload_test/dc283864-ac37-45ed-a833-d42391c66cf5/upload_info.pickle,0,False
/mnt/ASSAS/upload_test/dc287487-c1a1-4e1c-af52-5e5014819481,True,/mnt/ASSAS/upload_test/dc287487-c1a1-4e1c-af52-5e5014819481/upload_info.pickle,0,False
/mnt/ASSAS/upload_test/dc607251-1ab6-4c8f-af23-93876d9758ad,True,/mnt/ASSAS/upload_test/dc607251-1ab6-4c8f-af23-93876d9758ad/upload_info.pickle,0,False
/mnt/ASSAS/upload_test/dc71a4f9-7598-4d3e-9266-f80f71ab74fc,True,/mnt/ASSAS/upload_test/dc71a4f9-7598-4d3e-9266-f80f71ab74fc/upload_info.pickle,0,False
/mnt/ASSAS/upload_test/dc7c8380-282b-4466-9757-32be90c11e7f,True,/mnt/ASSAS/upload_test/dc7c8380-282b-4466-9757-32be90c11e7f/upload_info.pickle,0,False
/mnt/ASSAS/upload_test/dc816a16-8875-4427-872f-4cc8ca38e0c5,True,/mnt/ASSAS/upload_test/dc816a16-8875-4427-872f-4cc8ca38e0c5/upload_info.pickle,0,False
/mnt/ASSAS/upload_test/dc830a0e-1375-4e66-a53c-ea9c2059d31f,True,/mnt/ASSAS/upload_test/dc830a0e-1375-4e66-a53c-ea9c2059d31f/upload_info.pickle,0,False
/mnt/ASSAS/upload_test/dcb595b1-4379-4331-b4c8-c5cd344a2db7,True,/mnt/ASSAS/upload_test/dcb595b1-4379-4331-b4c8-c5cd344a2db7/upload_info.pickle,0,False
/mnt/ASSAS/upload_test/dcc30510-fa62-44d5-b492-969b941c4644,True,/mnt/ASSAS/upload_test/dcc30510-fa62-44d5-b492-969b941c4644/upload_info.pickle,0,False
/mnt/ASSAS/upload_test/dd27129d-fc5a-43d6-b04c-567e24439b3d,True,/mnt/ASSAS/upload_test/dd27129d-fc5a-43d6-b04c-567e24439b3d/upload_info.pickle,0,False
/mnt/ASSAS/upload_test/dd4f44e3-b4ce-4fea-ae16-d3ad38ad4a5f,True,/mnt/ASSAS/upload_test/dd4f44e3-b4ce-4fea-ae16-d3ad38ad4a5f/upload_info.pickle,0,False
/mnt/ASSAS/upload_test/dda42aa9-cbcd-461a-afca-61253a3162c6,True,/mnt/ASSAS/upload_test/dda42aa9-cbcd-461a-afca-61253a3162c6/upload_info.pickle,0,False
/mnt/ASSAS/upload_test/dda4badb-55fd-4423-9d30-3d5cb0df61ae,True,/mnt/ASSAS/upload_test/dda4badb-55fd-4423-9d30-3d5cb0df61ae/upload_info.pickle,0,False
/mnt/ASSAS/upload_test/de2a0532-10b8-4f9b-9fd3-31330226161f,True,/mnt/ASSAS/upload_test/de2a0532-10b8-4f9b-9fd3-31330226161f/upload_info.pickle,0,False
/mnt/ASSAS/upload_test/de326aff-6964-4641-ad06-3051411280a3,True,/mnt/ASSAS/upload_test/de326aff-6964-4641-ad06-3051411280a3/upload_info.pickle,0,False
/mnt/ASSAS/upload_test/de3d67d6-84df-41de-93d2-e886edd5f438,True,/mnt/ASSAS/upload_test/de3d67d6-84df-41de-93d2-e886edd5f438/upload_info.pickle,0,False
/mnt/ASSAS/upload_test/de3dd4fe-abab-4adf-99ca-07dd6867204d,True,/mnt/ASSAS/upload_test/de3dd4fe-abab-4adf-99ca-07dd6867204d/upload_info.pickle,0,False
/mnt/ASSAS/upload_test/ded43976-7739-473c-9a2e-7750592c82f5,True,/mnt/ASSAS/upload_test/ded43976-7739-473c-9a2e-7750592c82f5/upload_info.pickle,0,False
/mnt/ASSAS/upload_test/dedf80b2-f274-4e7f-a1c9-4a0bd0d3633e,True,/mnt/ASSAS/upload_test/dedf80b2-f274-4e7f-a1c9-4a0bd0d3633e/upload_info.pickle,0,False
/mnt/ASSAS/upload_test/defb5a82-edeb-4efb-b824-fd15d95317cf,True,/mnt/ASSAS/upload_test/defb5a82-edeb-4efb-b824-fd15d95317cf/upload_info.pickle,0,False
/mnt/ASSAS/upload_test/df622e2f-4863-4eb9-a725-b7cd0a8e1f03,True,/mnt/ASSAS/upload_test/df622e2f-4863-4eb9-a725-b7cd0a8e1f03/upload_info.pickle,0,False
/mnt/ASSAS/upload_test/df77ce83-eb13-4776-92e1-bd9e84ca0569,True,/mnt/ASSAS/upload_test/df77ce83-eb13-4776-92e1-bd9e84ca0569/upload_info.pickle,0,False
/mnt/ASSAS/upload_test/dfa504d7-74fb-4fea-b2f0-9a730a35b904,True,/mnt/ASSAS/upload_test/dfa504d7-74fb-4fea-b2f0-9a730a35b904/upload_info.pickle,0,False
/mnt/ASSAS/upload_test/dfcfde6c-e194-409d-bcc9-e864e795daa8,True,/mnt/ASSAS/upload_test/dfcfde6c-e194-409d-bcc9-e864e795daa8/upload_info.pickle,0,False
/mnt/ASSAS/upload_test/e0069ba6-7386-4a61-a53c-efe1cffb5ed0,True,/mnt/ASSAS/upload_test/e0069ba6-7386-4a61-a53c-efe1cffb5ed0/upload_info.pickle,0,False
/mnt/ASSAS/upload_test/e0484337-2d78-4ff0-9697-c265ca096e5b,True,/mnt/ASSAS/upload_test/e0484337-2d78-4ff0-9697-c265ca096e5b/upload_info.pickle,0,False
/mnt/ASSAS/upload_test/e062cf3b-9e96-4a2e-be3a-00ed8639785a,True,/mnt/ASSAS/upload_test/e062cf3b-9e96-4a2e-be3a-00ed8639785a/upload_info.pickle,0,False
/mnt/ASSAS/upload_test/e09b8244-edde-4d7d-92a8-672ac146ee79,True,/mnt/ASSAS/upload_test/e09b8244-edde-4d7d-92a8-672ac146ee79/upload_info.pickle,0,False
/mnt/ASSAS/upload_test/e09dc30b-45ea-4c95-9504-17f05b998bd8,True,/mnt/ASSAS/upload_test/e09dc30b-45ea-4c95-9504-17f05b998bd8/upload_info.pickle,0,False
/mnt/ASSAS/upload_test/e0b020ff-e8ab-41b6-b010-967814aa0c74,True,/mnt/ASSAS/upload_test/e0b020ff-e8ab-41b6-b010-967814aa0c74/upload_info.pickle,0,False
/mnt/ASSAS/upload_test/e1344a42-da9d-4719-9738-e562a600b8f9,True,/mnt/ASSAS/upload_test/e1344a42-da9d-4719-9738-e562a600b8f9/upload_info.pickle,0,False
/mnt/ASSAS/upload_test/e1349eeb-4c68-4417-aba3-20403c638661,True,/mnt/ASSAS/upload_test/e1349eeb-4c68-4417-aba3-20403c638661/upload_info.pickle,0,False
/mnt/ASSAS/upload_test/e16336bd-5121-4040-b809-8be476642292,True,/mnt/ASSAS/upload_test/e16336bd-5121-4040-b809-8be476642292/upload_info.pickle,0,False
/mnt/ASSAS/upload_test/e1765a6a-33fa-46d7-ade3-093527da38b3,True,/mnt/ASSAS/upload_test/e1765a6a-33fa-46d7-ade3-093527da38b3/upload_info.pickle,0,False
/mnt/ASSAS/upload_test/e1a577e9-e990-41d5-b35e-7648a8c336bb,True,/mnt/ASSAS/upload_test/e1a577e9-e990-41d5-b35e-7648a8c336bb/upload_info.pickle,0,False
/mnt/ASSAS/upload_test/e1d68691-725b-435a-8b69-880375a9a62e,True,/mnt/ASSAS/upload_test/e1d68691-725b-435a-8b69-880375a9a62e/upload_info.pickle,0,False
/mnt/ASSAS/upload_test/e22f8389-f485-427e-bb87-cef0df418a77,True,/mnt/ASSAS/upload_test/e22f8389-f485-427e-bb87-cef0df418a77/upload_info.pickle,0,False
/mnt/ASSAS/upload_test/e2777d6f-dc55-41f6-97d7-b305131ad51a,True,/mnt/ASSAS/upload_test/e2777d6f-dc55-41f6-97d7-b305131ad51a/upload_info.pickle,0,False
/mnt/ASSAS/upload_test/e289e327-08b0-45d9-8a35-015aae19ab83,True,/mnt/ASSAS/upload_test/e289e327-08b0-45d9-8a35-015aae19ab83/upload_info.pickle,0,False
/mnt/ASSAS/upload_test/e2a9d522-5646-4ec6-ab33-67eb9eadfda7,True,/mnt/ASSAS/upload_test/e2a9d522-5646-4ec6-ab33-67eb9eadfda7/upload_info.pickle,0,False
/mnt/ASSAS/upload_test/e2b47a44-a618-4e17-90d8-0673c7bb223b,True,/mnt/ASSAS/upload_test/e2b47a44-a618-4e17-90d8-0673c7bb223b/upload_info.pickle,0,False
/mnt/ASSAS/upload_test/e2e6fd0a-1b99-4e63-81da-ef0a1833f930,True,/mnt/ASSAS/upload_test/e2e6fd0a-1b99-4e63-81da-ef0a1833f930/upload_info.pickle,0,False
/mnt/ASSAS/upload_test/e310b86b-a0b7-429f-9b0b-f853cab5517e,True,/mnt/ASSAS/upload_test/e310b86b-a0b7-429f-9b0b-f853cab5517e/upload_info.pickle,0,False
/mnt/ASSAS/upload_test/e35bb876-e01d-44b2-b90e-6e3b9a6faa34,True,/mnt/ASSAS/upload_test/e35bb876-e01d-44b2-b90e-6e3b9a6faa34/upload_info.pickle,0,False
/mnt/ASSAS/upload_test/e35f0f41-b677-4cf6-80d6-c67c3819fe9c,True,/mnt/ASSAS/upload_test/e35f0f41-b677-4cf6-80d6-c67c3819fe9c/upload_info.pickle,0,False
/mnt/ASSAS/upload_test/e3691003-4dc6-4811-8c00-200d67647151,True,/mnt/ASSAS/upload_test/e3691003-4dc6-4811-8c00-200d67647151/upload_info.pickle,0,False
/mnt/ASSAS/upload_test/e3800679-c727-4621-b0da-557218b828f4,True,/mnt/ASSAS/upload_test/e3800679-c727-4621-b0da-557218b828f4/upload_info.pickle,0,False
/mnt/ASSAS/upload_test/e38deb38-729a-4197-af7f-4e1f6d55ddc7,True,/mnt/ASSAS/upload_test/e38deb38-729a-4197-af7f-4e1f6d55ddc7/upload_info.pickle,0,False
/mnt/ASSAS/upload_test/e3a58260-9d90-4ade-9224-3adbfbdc0fd6,True,/mnt/ASSAS/upload_test/e3a58260-9d90-4ade-9224-3adbfbdc0fd6/upload_info.pickle,0,False
/mnt/ASSAS/upload_test/e3ac05fe-f496-4c01-9ae9-89c90cf9a251,True,/mnt/ASSAS/upload_test/e3ac05fe-f496-4c01-9ae9-89c90cf9a251/upload_info.pickle,0,False
/mnt/ASSAS/upload_test/e3dafc2b-e0d6-43b0-bf7e-f8c57a0f0949,True,/mnt/ASSAS/upload_test/e3dafc2b-e0d6-43b0-bf7e-f8c57a0f0949/upload_info.pickle,0,False
/mnt/ASSAS/upload_test/e47a9829-0a86-4c66-b4fc-b90ad96b78f2,True,/mnt/ASSAS/upload_test/e47a9829-0a86-4c66-b4fc-b90ad96b78f2/upload_info.pickle,0,False
/mnt/ASSAS/upload_test/e48ba56c-c6c5-4e45-8568-6b375a0cb4f5,True,/mnt/ASSAS/upload_test/e48ba56c-c6c5-4e45-8568-6b375a0cb4f5/upload_info.pickle,0,False
/mnt/ASSAS/upload_test/e4975ff3-c726-4b7d-bda3-32e7f3bb2f8c,True,/mnt/ASSAS/upload_test/e4975ff3-c726-4b7d-bda3-32e7f3bb2f8c/upload_info.pickle,0,False
/mnt/ASSAS/upload_test/e4a52165-8ef7-42aa-ae1b-f9d65fd75341,True,/mnt/ASSAS/upload_test/e4a52165-8ef7-42aa-ae1b-f9d65fd75341/upload_info.pickle,0,False
/mnt/ASSAS/upload_test/e4d272ca-ddce-4f9a-ba50-8fbad8a144bb,True,/mnt/ASSAS/upload_test/e4d272ca-ddce-4f9a-ba50-8fbad8a144bb/upload_info.pickle,0,False
/mnt/ASSAS/upload_test/e4d66dcb-2740-4ee2-9ee9-d3c783bd3911,True,/mnt/ASSAS/upload_test/e4d66dcb-2740-4ee2-9ee9-d3c783bd3911/upload_info.pickle,0,False
/mnt/ASSAS/upload_test/e4f291ea-42a3-42ba-a98a-6ec9fdc0bd44,True,/mnt/ASSAS/upload_test/e4f291ea-42a3-42ba-a98a-6ec9fdc0bd44/upload_info.pickle,0,False
/mnt/ASSAS/upload_test/e52a753a-bf3e-4644-ae73-d784335080b6,True,/mnt/ASSAS/upload_test/e52a753a-bf3e-4644-ae73-d784335080b6/upload_info.pickle,0,False
/mnt/ASSAS/upload_test/e5473cac-402b-4a96-b1d4-b5e5a04fb176,True,/mnt/ASSAS/upload_test/e5473cac-402b-4a96-b1d4-b5e5a04fb176/upload_info.pickle,0,False
/mnt/ASSAS/upload_test/e56ed2fe-f0ad-47a3-ba33-47d4fc4524d7,True,/mnt/ASSAS/upload_test/e56ed2fe-f0ad-47a3-ba33-47d4fc4524d7/upload_info.pickle,0,False
/mnt/ASSAS/upload_test/e5981f53-501d-4df0-af90-efbc4188cbc7,True,/mnt/ASSAS/upload_test/e5981f53-501d-4df0-af90-efbc4188cbc7/upload_info.pickle,0,False
/mnt/ASSAS/upload_test/e5c1a67f-7443-4484-8b12-34589d36c098,True,/mnt/ASSAS/upload_test/e5c1a67f-7443-4484-8b12-34589d36c098/upload_info.pickle,0,False
/mnt/ASSAS/upload_test/e5c2727e-9a72-458c-b7ce-f2e4ef9315fa,True,/mnt/ASSAS/upload_test/e5c2727e-9a72-458c-b7ce-f2e4ef9315fa/upload_info.pickle,0,False
/mnt/ASSAS/upload_test/e5e07c04-7cff-4ad7-8167-8248431f7c72,True,/mnt/ASSAS/upload_test/e5e07c04-7cff-4ad7-8167-8248431f7c72/upload_info.pickle,0,False
/mnt/ASSAS/upload_test/e5e6626a-0e86-4f46-a47c-9ced1337013e,True,/mnt/ASSAS/upload_test/e5e6626a-0e86-4f46-a47c-9ced1337013e/upload_info.pickle,0,False
/mnt/ASSAS/upload_test/e5f36665-487a-4049-93d8-0c4de9460ef8,True,/mnt/ASSAS/upload_test/e5f36665-487a-4049-93d8-0c4de9460ef8/upload_info.pickle,0,False
/mnt/ASSAS/upload_test/e669000d-c42b-4a42-8a26-55edc665478c,True,/mnt/ASSAS/upload_test/e669000d-c42b-4a42-8a26-55edc665478c/upload_info.pickle,0,False
/mnt/ASSAS/upload_test/e686d229-ecf1-4c4e-bf9d-c310c948b9b2,True,/mnt/ASSAS/upload_test/e686d229-ecf1-4c4e-bf9d-c310c948b9b2/upload_info.pickle,0,False
/mnt/ASSAS/upload_test/e6ae8ce4-5eb7-4bc5-a5f3-d44ea6fb432e,True,/mnt/ASSAS/upload_test/e6ae8ce4-5eb7-4bc5-a5f3-d44ea6fb432e/upload_info.pickle,0,False
/mnt/ASSAS/upload_test/e6b89690-6416-4b9c-b70a-3e2504c4d780,True,/mnt/ASSAS/upload_test/e6b89690-6416-4b9c-b70a-3e2504c4d780/upload_info.pickle,0,False
/mnt/ASSAS/upload_test/e6d690d1-b79e-4165-8d1c-23043e654dcb,True,/mnt/ASSAS/upload_test/e6d690d1-b79e-4165-8d1c-23043e654dcb/upload_info.pickle,0,False
/mnt/ASSAS/upload_test/e769efa9-ec52-4fab-9d34-eab152902d63,True,/mnt/ASSAS/upload_test/e769efa9-ec52-4fab-9d34-eab152902d63/upload_info.pickle,0,False
/mnt/ASSAS/upload_test/e77bf32c-cafe-45bc-96b3-669d141ffa18,True,/mnt/ASSAS/upload_test/e77bf32c-cafe-45bc-96b3-669d141ffa18/upload_info.pickle,0,False
/mnt/ASSAS/upload_test/e77feb3b-dab3-4d27-94b6-e3dfd8dd1545,True,/mnt/ASSAS/upload_test/e77feb3b-dab3-4d27-94b6-e3dfd8dd1545/upload_info.pickle,0,False
/mnt/ASSAS/upload_test/e789ebc7-c632-49b6-8457-3d92c6c59682,True,/mnt/ASSAS/upload_test/e789ebc7-c632-49b6-8457-3d92c6c59682/upload_info.pickle,0,False
/mnt/ASSAS/upload_test/e78f8a6d-4d7c-4a5d-8cbf-5e52332d04cc,True,/mnt/ASSAS/upload_test/e78f8a6d-4d7c-4a5d-8cbf-5e52332d04cc/upload_info.pickle,0,False
/mnt/ASSAS/upload_test/e7da285b-4c81-4296-94d2-1027e56fce52,True,/mnt/ASSAS/upload_test/e7da285b-4c81-4296-94d2-1027e56fce52/upload_info.pickle,0,False
/mnt/ASSAS/upload_test/e7f89e36-882f-4c6f-8a94-ed81457e6f5e,True,/mnt/ASSAS/upload_test/e7f89e36-882f-4c6f-8a94-ed81457e6f5e/upload_info.pickle,0,False
/mnt/ASSAS/upload_test/e8254bb4-24fe-4ab0-8455-08df3628bd9f,True,/mnt/ASSAS/upload_test/e8254bb4-24fe-4ab0-8455-08df3628bd9f/upload_info.pickle,0,False
/mnt/ASSAS/upload_test/e8462f48-0c40-436a-80b3-875d1d8e2ba3,True,/mnt/ASSAS/upload_test/e8462f48-0c40-436a-80b3-875d1d8e2ba3/upload_info.pickle,0,False
/mnt/ASSAS/upload_test/e851afa1-d416-41b0-8013-287653076b35,True,/mnt/ASSAS/upload_test/e851afa1-d416-41b0-8013-287653076b35/upload_info.pickle,0,False
/mnt/ASSAS/upload_test/e85426e3-59ff-4e76-b71d-a4213d5c0f25,True,/mnt/ASSAS/upload_test/e85426e3-59ff-4e76-b71d-a4213d5c0f25/upload_info.pickle,0,False
/mnt/ASSAS/upload_test/e85a627c-7253-4e00-9290-72796664e4b4,True,/mnt/ASSAS/upload_test/e85a627c-7253-4e00-9290-72796664e4b4/upload_info.pickle,0,False
/mnt/ASSAS/upload_test/e8e0141c-de1e-441f-aa74-718746df57bd,True,/mnt/ASSAS/upload_test/e8e0141c-de1e-441f-aa74-718746df57bd/upload_info.pickle,0,False
/mnt/ASSAS/upload_test/e8eb5e81-541e-470f-96f4-38550f480bb7,True,/mnt/ASSAS/upload_test/e8eb5e81-541e-470f-96f4-38550f480bb7/upload_info.pickle,0,False
/mnt/ASSAS/upload_test/e93f71ae-9ff8-47cf-91a6-ba84d31e00c1,True,/mnt/ASSAS/upload_test/e93f71ae-9ff8-47cf-91a6-ba84d31e00c1/upload_info.pickle,0,False
/mnt/ASSAS/upload_test/e9587155-0b8c-4c4c-97e2-09972c34e078,True,/mnt/ASSAS/upload_test/e9587155-0b8c-4c4c-97e2-09972c34e078/upload_info.pickle,0,False
/mnt/ASSAS/upload_test/e9702b88-ca3d-4c6f-8679-38f01726d409,True,/mnt/ASSAS/upload_test/e9702b88-ca3d-4c6f-8679-38f01726d409/upload_info.pickle,0,False
/mnt/ASSAS/upload_test/e99e8d55-fcc0-490d-bb16-d4e151bab458,True,/mnt/ASSAS/upload_test/e99e8d55-fcc0-490d-bb16-d4e151bab458/upload_info.pickle,0,False
/mnt/ASSAS/upload_test/e9ce738c-7ac1-43de-a1c0-946e28908a78,True,/mnt/ASSAS/upload_test/e9ce738c-7ac1-43de-a1c0-946e28908a78/upload_info.pickle,0,False
/mnt/ASSAS/upload_test/ea138cd9-ccbf-4e54-99e8-2b64870bd217,True,/mnt/ASSAS/upload_test/ea138cd9-ccbf-4e54-99e8-2b64870bd217/upload_info.pickle,0,False
/mnt/ASSAS/upload_test/ea198c9e-3a83-4b9c-97fc-4f7338dafd46,True,/mnt/ASSAS/upload_test/ea198c9e-3a83-4b9c-97fc-4f7338dafd46/upload_info.pickle,0,False
/mnt/ASSAS/upload_test/ea5bc01c-cd41-4542-b40e-ac5524dd42f1,True,/mnt/ASSAS/upload_test/ea5bc01c-cd41-4542-b40e-ac5524dd42f1/upload_info.pickle,0,False
/mnt/ASSAS/upload_test/ea8b029f-353c-47e4-ab72-f3394c74a3b4,True,/mnt/ASSAS/upload_test/ea8b029f-353c-47e4-ab72-f3394c74a3b4/upload_info.pickle,0,False
/mnt/ASSAS/upload_test/eac0805b-c337-4604-92bc-aaab92914e76,True,/mnt/ASSAS/upload_test/eac0805b-c337-4604-92bc-aaab92914e76/upload_info.pickle,0,False
/mnt/ASSAS/upload_test/eb0375ba-5447-49e5-808f-5b7d81e11fe6,True,/mnt/ASSAS/upload_test/eb0375ba-5447-49e5-808f-5b7d81e11fe6/upload_info.pickle,0,False
/mnt/ASSAS/upload_test/eb08050e-f405-4a96-acb0-941e20dcf6eb,True,/mnt/ASSAS/upload_test/eb08050e-f405-4a96-acb0-941e20dcf6eb/upload_info.pickle,0,False
/mnt/ASSAS/upload_test/eb094e3c-ff86-40a6-922e-aef336a89d64,True,/mnt/ASSAS/upload_test/eb094e3c-ff86-40a6-922e-aef336a89d64/upload_info.pickle,0,False
/mnt/ASSAS/upload_test/eb21291b-d50e-4a3f-850a-6ac4012bdd27,True,/mnt/ASSAS/upload_test/eb21291b-d50e-4a3f-850a-6ac4012bdd27/upload_info.pickle,0,False
/mnt/ASSAS/upload_test/eb3880ea-97da-40bc-a245-f7903e2c3737,True,/mnt/ASSAS/upload_test/eb3880ea-97da-40bc-a245-f7903e2c3737/upload_info.pickle,0,False
/mnt/ASSAS/upload_test/eb623d46-8a8b-4ec0-9dee-13d20e0187ab,True,/mnt/ASSAS/upload_test/eb623d46-8a8b-4ec0-9dee-13d20e0187ab/upload_info.pickle,0,False
/mnt/ASSAS/upload_test/eb7067fb-989c-4041-a765-125d5db02093,True,/mnt/ASSAS/upload_test/eb7067fb-989c-4041-a765-125d5db02093/upload_info.pickle,0,False
/mnt/ASSAS/upload_test/eb8152ba-4cf7-43e4-b492-2225fcb4584c,True,/mnt/ASSAS/upload_test/eb8152ba-4cf7-43e4-b492-2225fcb4584c/upload_info.pickle,0,False
/mnt/ASSAS/upload_test/eb99a7de-deee-4093-9098-df45bd8e3cd0,True,/mnt/ASSAS/upload_test/eb99a7de-deee-4093-9098-df45bd8e3cd0/upload_info.pickle,0,False
/mnt/ASSAS/upload_test/ebfd2f0a-68df-4ccf-9d1f-5b6d59dd0a08,True,/mnt/ASSAS/upload_test/ebfd2f0a-68df-4ccf-9d1f-5b6d59dd0a08/upload_info.pickle,0,False
/mnt/ASSAS/upload_test/ec28b3c9-72a5-4242-9a8b-d7f8a6bf292e,True,/mnt/ASSAS/upload_test/ec28b3c9-72a5-4242-9a8b-d7f8a6bf292e/upload_info.pickle,0,False
/mnt/ASSAS/upload_test/ec45683a-77b9-4af1-b9eb-8f7f32dcb961,True,/mnt/ASSAS/upload_test/ec45683a-77b9-4af1-b9eb-8f7f32dcb961/upload_info.pickle,0,False
/mnt/ASSAS/upload_test/ecc20648-8af3-4a63-83e5-0934bfb0432b,True,/mnt/ASSAS/upload_test/ecc20648-8af3-4a63-83e5-0934bfb0432b/upload_info.pickle,0,False
/mnt/ASSAS/upload_test/eccd1bfd-2282-474b-a9af-9848d71660ca,True,/mnt/ASSAS/upload_test/eccd1bfd-2282-474b-a9af-9848d71660ca/upload_info.pickle,0,False
/mnt/ASSAS/upload_test/ed7583af-001f-46eb-922b-400a2b3dbae3,True,/mnt/ASSAS/upload_test/ed7583af-001f-46eb-922b-400a2b3dbae3/upload_info.pickle,0,False
/mnt/ASSAS/upload_test/ed7eb818-13fb-4db4-af22-130570f2ed2e,True,/mnt/ASSAS/upload_test/ed7eb818-13fb-4db4-af22-130570f2ed2e/upload_info.pickle,0,False
/mnt/ASSAS/upload_test/ed9ccd87-b444-4473-9340-73ff49a439ae,True,/mnt/ASSAS/upload_test/ed9ccd87-b444-4473-9340-73ff49a439ae/upload_info.pickle,0,False
/mnt/ASSAS/upload_test/edc036ef-1de1-4196-b166-137f5d113412,True,/mnt/ASSAS/upload_test/edc036ef-1de1-4196-b166-137f5d113412/upload_info.pickle,0,False
/mnt/ASSAS/upload_test/ee116e6d-42cb-4430-ae8a-c24b47b09e6c,True,/mnt/ASSAS/upload_test/ee116e6d-42cb-4430-ae8a-c24b47b09e6c/upload_info.pickle,0,False
/mnt/ASSAS/upload_test/ee46a9c3-d74f-4e37-a747-7a658649ec1f,True,/mnt/ASSAS/upload_test/ee46a9c3-d74f-4e37-a747-7a658649ec1f/upload_info.pickle,0,False
/mnt/ASSAS/upload_test/ee61ddbf-2ef0-49c3-8022-30bf6f07dd73,True,/mnt/ASSAS/upload_test/ee61ddbf-2ef0-49c3-8022-30bf6f07dd73/upload_info.pickle,0,False
/mnt/ASSAS/upload_test/ee697783-7439-43be-ab0a-cd0a653e2749,True,/mnt/ASSAS/upload_test/ee697783-7439-43be-ab0a-cd0a653e2749/upload_info.pickle,0,False
/mnt/ASSAS/upload_test/ee76c95d-9c9b-4e33-a004-db605159eba5,True,/mnt/ASSAS/upload_test/ee76c95d-9c9b-4e33-a004-db605159eba5/upload_info.pickle,0,False
/mnt/ASSAS/upload_test/ee903b8c-1a27-4e2b-a123-70bc02a01cb1,True,/mnt/ASSAS/upload_test/ee903b8c-1a27-4e2b-a123-70bc02a01cb1/upload_info.pickle,0,False
/mnt/ASSAS/upload_test/ee970c42-6fc8-4c98-945e-0f80ff52b1ca,True,/mnt/ASSAS/upload_test/ee970c42-6fc8-4c98-945e-0f80ff52b1ca/upload_info.pickle,0,False
/mnt/ASSAS/upload_test/eedbbda9-5b1e-48c4-894e-c3765b7320e5,True,/mnt/ASSAS/upload_test/eedbbda9-5b1e-48c4-894e-c3765b7320e5/upload_info.pickle,0,False
/mnt/ASSAS/upload_test/eeecfd4d-771d-4017-8950-ef7475d02f22,True,/mnt/ASSAS/upload_test/eeecfd4d-771d-4017-8950-ef7475d02f22/upload_info.pickle,0,False
/mnt/ASSAS/upload_test/ef036bc4-8136-4f21-8dd7-005044c23f51,True,/mnt/ASSAS/upload_test/ef036bc4-8136-4f21-8dd7-005044c23f51/upload_info.pickle,0,False
/mnt/ASSAS/upload_test/ef437b5a-c3f8-4b18-b442-b882e33e9156,True,/mnt/ASSAS/upload_test/ef437b5a-c3f8-4b18-b442-b882e33e9156/upload_info.pickle,0,False
/mnt/ASSAS/upload_test/efbfe95b-1014-423d-8885-4502a76a3f2e,True,/mnt/ASSAS/upload_test/efbfe95b-1014-423d-8885-4502a76a3f2e/upload_info.pickle,0,False
/mnt/ASSAS/upload_test/efd5c817-7f98-4382-8016-35fec4a469a2,True,/mnt/ASSAS/upload_test/efd5c817-7f98-4382-8016-35fec4a469a2/upload_info.pickle,0,False
/mnt/ASSAS/upload_test/eff1b5d1-42ae-4eac-a1a6-2de298cdb02d,True,/mnt/ASSAS/upload_test/eff1b5d1-42ae-4eac-a1a6-2de298cdb02d/upload_info.pickle,0,False
/mnt/ASSAS/upload_test/f03540c8-43ce-47c4-84a9-862865f5d264,True,/mnt/ASSAS/upload_test/f03540c8-43ce-47c4-84a9-862865f5d264/upload_info.pickle,0,False
/mnt/ASSAS/upload_test/f057fa57-de59-4478-9095-1fa0cd91a619,True,/mnt/ASSAS/upload_test/f057fa57-de59-4478-9095-1fa0cd91a619/upload_info.pickle,0,False
/mnt/ASSAS/upload_test/f059a5fd-72db-4c8b-a13e-8e5c495f5273,True,/mnt/ASSAS/upload_test/f059a5fd-72db-4c8b-a13e-8e5c495f5273/upload_info.pickle,0,False
/mnt/ASSAS/upload_test/f07c657d-51fc-4171-bada-0c87b906d355,True,/mnt/ASSAS/upload_test/f07c657d-51fc-4171-bada-0c87b906d355/upload_info.pickle,0,False
/mnt/ASSAS/upload_test/f0986efb-9643-46d4-828b-b469044fbbc4,True,/mnt/ASSAS/upload_test/f0986efb-9643-46d4-828b-b469044fbbc4/upload_info.pickle,0,False
/mnt/ASSAS/upload_test/f0995539-86da-436a-a18f-51750abf43bc,True,/mnt/ASSAS/upload_test/f0995539-86da-436a-a18f-51750abf43bc/upload_info.pickle,0,False
/mnt/ASSAS/upload_test/f0b5efb0-5e1e-47fd-acbd-657ec6813644,True,/mnt/ASSAS/upload_test/f0b5efb0-5e1e-47fd-acbd-657ec6813644/upload_info.pickle,0,False
/mnt/ASSAS/upload_test/f0d3802b-4c25-498b-8443-eccb72eb25a9,True,/mnt/ASSAS/upload_test/f0d3802b-4c25-498b-8443-eccb72eb25a9/upload_info.pickle,0,False
/mnt/ASSAS/upload_test/f0f15f7a-3cf4-49c3-825c-d01532adbcdc,True,/mnt/ASSAS/upload_test/f0f15f7a-3cf4-49c3-825c-d01532adbcdc/upload_info.pickle,0,False
/mnt/ASSAS/upload_test/f107f8df-a834-4bae-8073-1e47dd2b598d,True,/mnt/ASSAS/upload_test/f107f8df-a834-4bae-8073-1e47dd2b598d/upload_info.pickle,0,False
/mnt/ASSAS/upload_test/f11abefb-c7ed-4482-89fd-d351991226ec,True,/mnt/ASSAS/upload_test/f11abefb-c7ed-4482-89fd-d351991226ec/upload_info.pickle,0,False
/mnt/ASSAS/upload_test/f143c1ee-44df-4d0d-a1d6-cd2e2ea32c4a,True,/mnt/ASSAS/upload_test/f143c1ee-44df-4d0d-a1d6-cd2e2ea32c4a/upload_info.pickle,0,False
/mnt/ASSAS/upload_test/f1741067-9788-40bf-a4e0-2d42735c5621,True,/mnt/ASSAS/upload_test/f1741067-9788-40bf-a4e0-2d42735c5621/upload_info.pickle,0,False
/mnt/ASSAS/upload_test/f1a0b230-a8f2-4046-9e7e-6fa8bbab4bdb,True,/mnt/ASSAS/upload_test/f1a0b230-a8f2-4046-9e7e-6fa8bbab4bdb/upload_info.pickle,0,False
/mnt/ASSAS/upload_test/f1a462ce-da36-4924-8de3-e1684e559c45,True,/mnt/ASSAS/upload_test/f1a462ce-da36-4924-8de3-e1684e559c45/upload_info.pickle,0,False
/mnt/ASSAS/upload_test/f1d9fd4a-bdc9-4aad-8534-5f987584277c,True,/mnt/ASSAS/upload_test/f1d9fd4a-bdc9-4aad-8534-5f987584277c/upload_info.pickle,0,False
/mnt/ASSAS/upload_test/f212a909-4edb-4be6-afb4-b0fdc79901a4,True,/mnt/ASSAS/upload_test/f212a909-4edb-4be6-afb4-b0fdc79901a4/upload_info.pickle,0,False
/mnt/ASSAS/upload_test/f220bd96-802b-4bac-878a-066ec26c93aa,True,/mnt/ASSAS/upload_test/f220bd96-802b-4bac-878a-066ec26c93aa/upload_info.pickle,0,False
/mnt/ASSAS/upload_test/f23e91c5-7895-4a02-a5ee-299e0041a4a6,True,/mnt/ASSAS/upload_test/f23e91c5-7895-4a02-a5ee-299e0041a4a6/upload_info.pickle,0,False
/mnt/ASSAS/upload_test/f26d1761-0b3a-4f3e-95be-c9cd0c2847a2,True,/mnt/ASSAS/upload_test/f26d1761-0b3a-4f3e-95be-c9cd0c2847a2/upload_info.pickle,0,False
/mnt/ASSAS/upload_test/f27ab853-42fc-4e47-9153-d3aa39be8e9c,True,/mnt/ASSAS/upload_test/f27ab853-42fc-4e47-9153-d3aa39be8e9c/upload_info.pickle,0,False
/mnt/ASSAS/upload_test/f2d9e968-83d6-4e14-ad5c-4a2304f183b1,True,/mnt/ASSAS/upload_test/f2d9e968-83d6-4e14-ad5c-4a2304f183b1/upload_info.pickle,0,False
/mnt/ASSAS/upload_test/f2e963e7-c3a4-45e3-bdc6-be287838c117,True,/mnt/ASSAS/upload_test/f2e963e7-c3a4-45e3-bdc6-be287838c117/upload_info.pickle,0,False
/mnt/ASSAS/upload_test/f3190bb6-009b-4f50-ad4e-24e92594d114,True,/mnt/ASSAS/upload_test/f3190bb6-009b-4f50-ad4e-24e92594d114/upload_info.pickle,0,False
/mnt/ASSAS/upload_test/f32cf2b7-05bc-47ae-a6cd-9c2e93b43834,True,/mnt/ASSAS/upload_test/f32cf2b7-05bc-47ae-a6cd-9c2e93b43834/upload_info.pickle,0,False
/mnt/ASSAS/upload_test/f357caae-89df-4608-858f-e0ad3a339e0b,True,/mnt/ASSAS/upload_test/f357caae-89df-4608-858f-e0ad3a339e0b/upload_info.pickle,0,False
/mnt/ASSAS/upload_test/f37f17fd-d39e-4756-92c3-e400bb9c951b,True,/mnt/ASSAS/upload_test/f37f17fd-d39e-4756-92c3-e400bb9c951b/upload_info.pickle,0,False
/mnt/ASSAS/upload_test/f3902195-5ec1-46ee-844a-13238f10c784,True,/mnt/ASSAS/upload_test/f3902195-5ec1-46ee-844a-13238f10c784/upload_info.pickle,0,False
/mnt/ASSAS/upload_test/f39254d5-793f-4173-91b9-b0424e11b47c,True,/mnt/ASSAS/upload_test/f39254d5-793f-4173-91b9-b0424e11b47c/upload_info.pickle,0,False
/mnt/ASSAS/upload_test/f3cd0d96-4e4c-41bc-a89d-82ffbc701a79,True,/mnt/ASSAS/upload_test/f3cd0d96-4e4c-41bc-a89d-82ffbc701a79/upload_info.pickle,0,False
/mnt/ASSAS/upload_test/f3e15a95-8acb-4e57-a166-28a968efb8ac,True,/mnt/ASSAS/upload_test/f3e15a95-8acb-4e57-a166-28a968efb8ac/upload_info.pickle,0,False
/mnt/ASSAS/upload_test/f4211de9-f5e0-4e7e-8666-d63021e6f35f,True,/mnt/ASSAS/upload_test/f4211de9-f5e0-4e7e-8666-d63021e6f35f/upload_info.pickle,0,False
/mnt/ASSAS/upload_test/f4361f9e-01b4-49cf-a9a5-b8bf82db7bf4,True,/mnt/ASSAS/upload_test/f4361f9e-01b4-49cf-a9a5-b8bf82db7bf4/upload_info.pickle,0,False
/mnt/ASSAS/upload_test/f4737639-d82e-4831-ad98-8921692846fe,True,/mnt/ASSAS/upload_test/f4737639-d82e-4831-ad98-8921692846fe/upload_info.pickle,0,False
/mnt/ASSAS/upload_test/f48e775a-ced9-4687-b5cd-ccfc59556987,True,/mnt/ASSAS/upload_test/f48e775a-ced9-4687-b5cd-ccfc59556987/upload_info.pickle,0,False
/mnt/ASSAS/upload_test/f4ae0f97-04b9-404e-bb8e-1a309c36584d,True,/mnt/ASSAS/upload_test/f4ae0f97-04b9-404e-bb8e-1a309c36584d/upload_info.pickle,0,False
/mnt/ASSAS/upload_test/f4afc978-a078-45a9-a1ff-0f377168fffc,True,/mnt/ASSAS/upload_test/f4afc978-a078-45a9-a1ff-0f377168fffc/upload_info.pickle,0,False
/mnt/ASSAS/upload_test/f5301bd5-dfce-434d-a6e9-21fcb2974f1a,True,/mnt/ASSAS/upload_test/f5301bd5-dfce-434d-a6e9-21fcb2974f1a/upload_info.pickle,0,False
/mnt/ASSAS/upload_test/f549e56c-7dab-44ea-8db9-3a2676c6e7ae,True,/mnt/ASSAS/upload_test/f549e56c-7dab-44ea-8db9-3a2676c6e7ae/upload_info.pickle,0,False
/mnt/ASSAS/upload_test/f5a6059e-9f5c-4055-b5e9-d72fa5302657,True,/mnt/ASSAS/upload_test/f5a6059e-9f5c-4055-b5e9-d72fa5302657/upload_info.pickle,0,False
/mnt/ASSAS/upload_test/f5e8994d-b51e-44e3-934d-9349264aab86,True,/mnt/ASSAS/upload_test/f5e8994d-b51e-44e3-934d-9349264aab86/upload_info.pickle,0,False
/mnt/ASSAS/upload_test/f626e095-08dc-4154-82c9-22db4ca0e21b,True,/mnt/ASSAS/upload_test/f626e095-08dc-4154-82c9-22db4ca0e21b/upload_info.pickle,0,False
/mnt/ASSAS/upload_test/f62cf972-be29-4d21-9a9d-f431b52b0e67,True,/mnt/ASSAS/upload_test/f62cf972-be29-4d21-9a9d-f431b52b0e67/upload_info.pickle,0,False
/mnt/ASSAS/upload_test/f63d40ac-031e-48d3-beed-d61afea5a81b,True,/mnt/ASSAS/upload_test/f63d40ac-031e-48d3-beed-d61afea5a81b/upload_info.pickle,0,False
/mnt/ASSAS/upload_test/f6503907-3014-4b24-a3d0-a43f2df6c6b4,True,/mnt/ASSAS/upload_test/f6503907-3014-4b24-a3d0-a43f2df6c6b4/upload_info.pickle,0,False
/mnt/ASSAS/upload_test/f672738c-ca0a-4def-a915-1777c4090882,True,/mnt/ASSAS/upload_test/f672738c-ca0a-4def-a915-1777c4090882/upload_info.pickle,0,False
/mnt/ASSAS/upload_test/f680661f-2f8a-44da-bfa4-befdb93b8ed1,True,/mnt/ASSAS/upload_test/f680661f-2f8a-44da-bfa4-befdb93b8ed1/upload_info.pickle,0,False
/mnt/ASSAS/upload_test/f688cc21-57ad-4742-a2fa-1281ade43fd2,True,/mnt/ASSAS/upload_test/f688cc21-57ad-4742-a2fa-1281ade43fd2/upload_info.pickle,0,False
/mnt/ASSAS/upload_test/f6c527f1-0bd3-497d-a656-4380961de2bf,True,/mnt/ASSAS/upload_test/f6c527f1-0bd3-497d-a656-4380961de2bf/upload_info.pickle,0,False
/mnt/ASSAS/upload_test/f6ca9bba-e8fa-40d2-a304-9ba202bc11bd,True,/mnt/ASSAS/upload_test/f6ca9bba-e8fa-40d2-a304-9ba202bc11bd/upload_info.pickle,0,False
/mnt/ASSAS/upload_test/f6cad95d-e375-4d43-92f2-5f8b0b2b614f,True,/mnt/ASSAS/upload_test/f6cad95d-e375-4d43-92f2-5f8b0b2b614f/upload_info.pickle,0,False
/mnt/ASSAS/upload_test/f6cbbb06-dcb8-472b-9d70-917680bcd1ad,True,/mnt/ASSAS/upload_test/f6cbbb06-dcb8-472b-9d70-917680bcd1ad/upload_info.pickle,0,False
/mnt/ASSAS/upload_test/f710ba10-d2b1-4048-ac40-2720ce312e69,True,/mnt/ASSAS/upload_test/f710ba10-d2b1-4048-ac40-2720ce312e69/upload_info.pickle,0,False
/mnt/ASSAS/upload_test/f7432096-2ca1-44b5-b646-a49e756ba61e,True,/mnt/ASSAS/upload_test/f7432096-2ca1-44b5-b646-a49e756ba61e/upload_info.pickle,0,False
/mnt/ASSAS/upload_test/f7a215c8-108a-416f-9119-4238fe920787,True,/mnt/ASSAS/upload_test/f7a215c8-108a-416f-9119-4238fe920787/upload_info.pickle,0,False
/mnt/ASSAS/upload_test/f7f7f46a-43e4-4ec1-ad35-4b80560d6b37,True,/mnt/ASSAS/upload_test/f7f7f46a-43e4-4ec1-ad35-4b80560d6b37/upload_info.pickle,0,False
/mnt/ASSAS/upload_test/f8499355-bfc0-41ea-a271-643fed7addc2,True,/mnt/ASSAS/upload_test/f8499355-bfc0-41ea-a271-643fed7addc2/upload_info.pickle,0,False
/mnt/ASSAS/upload_test/f857e4dc-5ec0-4f01-9bc0-353a58ee552e,True,/mnt/ASSAS/upload_test/f857e4dc-5ec0-4f01-9bc0-353a58ee552e/upload_info.pickle,0,False
/mnt/ASSAS/upload_test/f862b94d-07d1-4935-9f41-e07a95b5a555,True,/mnt/ASSAS/upload_test/f862b94d-07d1-4935-9f41-e07a95b5a555/upload_info.pickle,0,False
/mnt/ASSAS/upload_test/f883c685-044a-4134-9b26-3519fc46632f,True,/mnt/ASSAS/upload_test/f883c685-044a-4134-9b26-3519fc46632f/upload_info.pickle,0,False
/mnt/ASSAS/upload_test/f8ab4fbf-02fd-4355-aadd-3a6ed07de4e0,True,/mnt/ASSAS/upload_test/f8ab4fbf-02fd-4355-aadd-3a6ed07de4e0/upload_info.pickle,0,False
/mnt/ASSAS/upload_test/f8cd5b79-d2fa-4e7e-a4d1-154e4549c0c2,True,/mnt/ASSAS/upload_test/f8cd5b79-d2fa-4e7e-a4d1-154e4549c0c2/upload_info.pickle,0,False
/mnt/ASSAS/upload_test/f8dd6efb-d15e-4098-a7fc-3a9b0b196772,True,/mnt/ASSAS/upload_test/f8dd6efb-d15e-4098-a7fc-3a9b0b196772/upload_info.pickle,0,False
/mnt/ASSAS/upload_test/f954499b-070b-436e-b4b7-cb2a6f6eea91,True,/mnt/ASSAS/upload_test/f954499b-070b-436e-b4b7-cb2a6f6eea91/upload_info.pickle,0,False
/mnt/ASSAS/upload_test/f9b36a68-68aa-42a0-8778-fe92e51a4e7e,True,/mnt/ASSAS/upload_test/f9b36a68-68aa-42a0-8778-fe92e51a4e7e/upload_info.pickle,0,False
/mnt/ASSAS/upload_test/fa20aa8e-f671-4de2-993a-510cf026f870,True,/mnt/ASSAS/upload_test/fa20aa8e-f671-4de2-993a-510cf026f870/upload_info.pickle,0,False
/mnt/ASSAS/upload_test/fa36c76d-ceb8-4cdd-b4b4-61f0bcaee727,True,/mnt/ASSAS/upload_test/fa36c76d-ceb8-4cdd-b4b4-61f0bcaee727/upload_info.pickle,0,False
/mnt/ASSAS/upload_test/fa3dddc5-5361-4207-ad6d-3c76494462ca,True,/mnt/ASSAS/upload_test/fa3dddc5-5361-4207-ad6d-3c76494462ca/upload_info.pickle,0,False
/mnt/ASSAS/upload_test/fa43e1ef-3f1d-4508-8217-54f623287333,True,/mnt/ASSAS/upload_test/fa43e1ef-3f1d-4508-8217-54f623287333/upload_info.pickle,0,False
/mnt/ASSAS/upload_test/fa5943f9-0806-4dcb-97a5-0900549f2e64,True,/mnt/ASSAS/upload_test/fa5943f9-0806-4dcb-97a5-0900549f2e64/upload_info.pickle,0,False
/mnt/ASSAS/upload_test/fa5ca789-99ed-4bc1-83f6-b80e10df0748,True,/mnt/ASSAS/upload_test/fa5ca789-99ed-4bc1-83f6-b80e10df0748/upload_info.pickle,0,False
/mnt/ASSAS/upload_test/faddb01f-54ca-4a54-91ea-f840b19aad47,True,/mnt/ASSAS/upload_test/faddb01f-54ca-4a54-91ea-f840b19aad47/upload_info.pickle,0,False
/mnt/ASSAS/upload_test/fae082be-08ae-442d-abe7-bc17090c3c35,True,/mnt/ASSAS/upload_test/fae082be-08ae-442d-abe7-bc17090c3c35/upload_info.pickle,0,False
/mnt/ASSAS/upload_test/faefbfb3-749b-47b7-b376-bf5edd00d844,True,/mnt/ASSAS/upload_test/faefbfb3-749b-47b7-b376-bf5edd00d844/upload_info.pickle,0,False
/mnt/ASSAS/upload_test/faf382f3-fd7c-4899-a8b4-2cca461a7ba2,True,/mnt/ASSAS/upload_test/faf382f3-fd7c-4899-a8b4-2cca461a7ba2/upload_info.pickle,0,False
/mnt/ASSAS/upload_test/fb1a2691-3311-4c8b-919a-c2c636644223,True,/mnt/ASSAS/upload_test/fb1a2691-3311-4c8b-919a-c2c636644223/upload_info.pickle,0,False
/mnt/ASSAS/upload_test/fb806aaa-d362-4037-b2a9-e2c8aafa0b92,True,/mnt/ASSAS/upload_test/fb806aaa-d362-4037-b2a9-e2c8aafa0b92/upload_info.pickle,0,False
/mnt/ASSAS/upload_test/fbd0674c-3fde-4f4e-a105-7985ab309949,True,/mnt/ASSAS/upload_test/fbd0674c-3fde-4f4e-a105-7985ab309949/upload_info.pickle,0,False
/mnt/ASSAS/upload_test/fbd814c9-31bd-4bc5-a469-bb8826546bcf,True,/mnt/ASSAS/upload_test/fbd814c9-31bd-4bc5-a469-bb8826546bcf/upload_info.pickle,0,False
/mnt/ASSAS/upload_test/fbf528e7-0c10-4beb-ae57-a81af0b8eb08,True,/mnt/ASSAS/upload_test/fbf528e7-0c10-4beb-ae57-a81af0b8eb08/upload_info.pickle,0,False
/mnt/ASSAS/upload_test/fbfd54a7-90f4-452f-8516-3aca1823cec2,True,/mnt/ASSAS/upload_test/fbfd54a7-90f4-452f-8516-3aca1823cec2/upload_info.pickle,0,False
/mnt/ASSAS/upload_test/fc3aa6d7-7a2f-4d32-a567-4b4425153e77,True,/mnt/ASSAS/upload_test/fc3aa6d7-7a2f-4d32-a567-4b4425153e77/upload_info.pickle,0,False
/mnt/ASSAS/upload_test/fc924b5c-dbae-4dbd-a3a4-0d64bfb5dfca,True,/mnt/ASSAS/upload_test/fc924b5c-dbae-4dbd-a3a4-0d64bfb5dfca/upload_info.pickle,0,False
/mnt/ASSAS/upload_test/fce4d244-b0a3-44dd-b009-9bd7252e884c,True,/mnt/ASSAS/upload_test/fce4d244-b0a3-44dd-b009-9bd7252e884c/upload_info.pickle,0,False
/mnt/ASSAS/upload_test/fd255d02-0cea-4052-bad3-a5515c79b2d7,True,/mnt/ASSAS/upload_test/fd255d02-0cea-4052-bad3-a5515c79b2d7/upload_info.pickle,0,False
/mnt/ASSAS/upload_test/fd2d7a1a-ab75-453c-81b0-cb8befe4ae26,True,/mnt/ASSAS/upload_test/fd2d7a1a-ab75-453c-81b0-cb8befe4ae26/upload_info.pickle,0,False
/mnt/ASSAS/upload_test/fdad8846-4fb2-4019-9230-5485231eb353,True,/mnt/ASSAS/upload_test/fdad8846-4fb2-4019-9230-5485231eb353/upload_info.pickle,0,False
/mnt/ASSAS/upload_test/fde1725d-9ce3-46fe-9b93-401eb0aa8c1e,True,/mnt/ASSAS/upload_test/fde1725d-9ce3-46fe-9b93-401eb0aa8c1e/upload_info.pickle,0,False
/mnt/ASSAS/upload_test/fde56d96-aeb9-4839-9db4-ef8fdfa67c17,True,/mnt/ASSAS/upload_test/fde56d96-aeb9-4839-9db4-ef8fdfa67c17/upload_info.pickle,0,False
/mnt/ASSAS/upload_test/fe2aaeca-3bcd-4466-8294-c4bc1a46ee0e,True,/mnt/ASSAS/upload_test/fe2aaeca-3bcd-4466-8294-c4bc1a46ee0e/upload_info.pickle,0,False
/mnt/ASSAS/upload_test/fe544591-4995-421a-91c1-06e3e3007f5f,True,/mnt/ASSAS/upload_test/fe544591-4995-421a-91c1-06e3e3007f5f/upload_info.pickle,0,False
/mnt/ASSAS/upload_test/ff0f25ab-5640-48e7-8d5a-9ca9e357de0f,True,/mnt/ASSAS/upload_test/ff0f25ab-5640-48e7-8d5a-9ca9e357de0f/upload_info.pickle,0,False
/mnt/ASSAS/upload_test/ff18182d-4e8e-45ab-b230-3db30605c1fd,True,/mnt/ASSAS/upload_test/ff18182d-4e8e-45ab-b230-3db30605c1fd/upload_info.pickle,0,False
/mnt/ASSAS/upload_test/ff442b2b-f2ac-441c-8a86-7598d4a5f95c,True,/mnt/ASSAS/upload_test/ff442b2b-f2ac-441c-8a86-7598d4a5f95c/upload_info.pickle,0,False
/mnt/ASSAS/upload_test/ff659d2c-a571-43a1-bae2-d7805aa2f6ff,True,/mnt/ASSAS/upload_test/ff659d2c-a571-43a1-bae2-d7805aa2f6ff/upload_info.pickle,0,False
/mnt/ASSAS/upload_test/ff6d9b6e-bf71-4cef-ba4a-b5abb21d6723,True,/mnt/ASSAS/upload_test/ff6d9b6e-bf71-4cef-ba4a-b5abb21d6723/upload_info.pickle,0,False
/mnt/ASSAS/upload_test/ff785a5a-b985-4cc1-a1f5-dd82bf8969ba,True,/mnt/ASSAS/upload_test/ff785a5a-b985-4cc1-a1f5-dd82bf8969ba/upload_info.pickle,0,False
/mnt/ASSAS/upload_test/ff820e57-6277-4c89-8731-d5a5660ec867,True,/mnt/ASSAS/upload_test/ff820e57-6277-4c89-8731-d5a5660ec867/upload_info.pickle,0,False
/mnt/ASSAS/upload_test/ffbef59a-a02e-4378-a92e-68008eb5164a,True,/mnt/ASSAS/upload_test/ffbef59a-a02e-4378-a92e-68008eb5164a/upload_info.pickle,0,False
/mnt/ASSAS/upload_test/ffe7d2de-080d-426e-9262-7bf6fe6086d0,True,/mnt/ASSAS/upload_test/ffe7d2de-080d-426e-9262-7bf6fe6086d0/upload_info.pickle,0,False
